"","year","month","date","evaporation _sum","2m_temperature _max","2m_temperature _min","surface_net_solar_radiation _sum","surface_pressure _mean","total_precipitation _sum","10m_component_of_wind"
"1",16,1994,1,-0.000951270572841167,302.023681640625,288.1123046875,14287744,100119.893229167,0,7.04432309660324
"2",16,1994,1,-0.00108002824708819,301.706787109375,287.717041015625,14334720,100154.450520833,0,8.69562232143922
"3",16,1994,1,-0.00100931897759438,301.50146484375,287.21875,14498240,100309.229166667,0,10.4066852518595
"4",16,1994,1,-0.00118771195411682,302.5859375,286.39599609375,14465088,100200.151041667,0,8.7679372637395
"5",16,1994,1,-0.00124262156896293,301.825439453125,287.3056640625,14517824,99970.8984375,0,7.01188976157808
"6",16,1994,1,-0.00122061534784734,302.59033203125,288.998291015625,14551872,100039.5390625,0,7.86907561180237
"7",16,1994,1,-0.00106713571585715,303.501220703125,289.44970703125,14392704,100138.473958333,0,9.13235535350796
"8",16,1994,1,-0.0010754328686744,303.1787109375,290.83349609375,14103552,100118.640625,0,8.22674642785609
"9",16,1994,1,-0.00101481494493783,303.045166015625,289.742919921875,14313728,99970.6796875,0,5.92861881166246
"10",16,1994,1,-0.000850819749757648,302.476806640625,290.88671875,12767552,99737.6744791667,4.1961669921875e-05,4.19676709910332
"11",16,1994,1,-0.00100558181293309,299.4140625,289.103271484375,12229440,99677.4635416667,0.00252056121826172,11.304714767292
"12",16,1994,1,-0.00119035039097071,298.51123046875,286.915771484375,14084160,99941.2630208333,0,7.5641536054482
"13",16,1994,1,-0.0011726024094969,297.88427734375,285.6328125,14845120,100118.59375,0,10.2927289349924
"14",16,1994,1,-0.0010724060703069,297.0458984375,284.51513671875,15358912,99941.4583333333,0,14.1622158993574
"15",16,1994,1,-0.00114364828914404,297.35546875,283.669677734375,15449024,99839.2552083333,0,4.76754749785884
"16",16,1994,1,-0.00107721798121929,298.084228515625,284.222412109375,15496768,99946.4609375,0,7.06718909192121
"17",16,1994,1,-0.0010884222574532,298.32177734375,284.173828125,15620992,100003.848958333,0,6.88917930892658
"18",16,1994,1,-0.000827965559437871,298.99462890625,285.22607421875,15535296,100052.973958333,0,10.7897018725009
"19",16,1994,1,-0.000855844002217054,299.543701171875,285.98828125,15562944,100127.893229167,0,17.5594578705888
"20",16,1994,1,-0.000877161510288715,297.526123046875,285.64697265625,15873792,100231.7578125,0,20.3911290812435
"21",16,1994,1,-0.000788731966167688,299.394775390625,285.40673828125,15424128,100152.473958333,0,14.9809267476047
"22",16,1994,1,-0.000843432964757085,301.124267578125,288.979248046875,15157376,100048.557291667,0,10.55304803366
"23",16,1994,1,-0.000754437642171979,303.389892578125,290.53759765625,14969920,100128.684895833,0,7.85626315411627
"24",16,1994,1,-0.000935246935114264,305.196044921875,291.4267578125,15325184,100103.2578125,0,3.74934189425683
"25",16,1994,1,-0.00103180948644876,306.0498046875,292.82177734375,15018688,100028.622395833,0,11.8962787445646
"26",16,1994,1,-0.00100916903465986,304.865478515625,292.882568359375,15448064,100023.260416667,0,10.6490461817332
"27",16,1994,1,-0.00095925503410399,303.801513671875,291.841552734375,15611584,100252.466145833,0,9.4718130956771
"28",16,1994,1,-0.00119069125503302,303.879150390625,290.04931640625,15944768,100207.783854167,0,11.3977978874445
"29",16,1994,1,-0.00108366110362113,300.05712890625,285.397216796875,16292864,100089.03125,0,24.1725371700314
"30",16,1994,1,-0.00124630238860846,299.244384765625,285.272216796875,16537280,99893.5260416667,0,7.34264505893841
"31",16,1994,1,-0.00127524021081626,299.876708984375,285.137939453125,16655872,99796.078125,0,7.43396129121674
"32",16,1994,2,-0.00105383479967713,300.458740234375,285.40380859375,16624896,100026.296875,0,9.97803485515847
"33",16,1994,2,-0.0010431872215122,300.430419921875,286.6025390625,16856640,100121.958333333,0,22.1472270796238
"34",16,1994,2,-0.00108984927646816,301.4287109375,286.48046875,16820736,99944.71875,0,11.6535822850695
"35",16,1994,2,-0.0012037216220051,304.0126953125,289.83544921875,16785664,99824.7526041667,0,7.21839576118057
"36",16,1994,2,-0.000996032264083624,302.668212890625,289.90234375,16447744,99830.5963541667,0,6.54805892229839
"37",16,1994,2,-0.00122659164480865,302.71728515625,289.296875,16580736,99894.7630208333,0,3.52827748247457
"38",16,1994,2,-0.00116947386413813,302.798828125,289.4619140625,16635840,99793.4765625,0,11.6531998466441
"39",16,1994,2,-0.000805775169283152,300.688720703125,288.8544921875,16831680,99829.1875,0,16.7713930001437
"40",16,1994,2,-0.000891052186489105,300.51318359375,288.138671875,17608832,99896.5364583333,0,10.0492591747718
"41",16,1994,2,-0.00102426460944116,300.647216796875,286.57177734375,17608192,99779.6640625,0,8.56681868955089
"42",16,1994,2,-0.000788641395047307,300.992919921875,288.414306640625,16410880,99719.4973958333,0,11.3673497840699
"43",16,1994,2,-0.000850779702886939,302.223388671875,289.96630859375,17384128,99749.0989583333,0,5.21091704888336
"44",16,1994,2,-0.000989192631095648,302.659423828125,290.637939453125,17697792,99810.8619791667,0,4.76823092139809
"45",16,1994,2,-0.000871721422299743,302.23974609375,290.597412109375,17347648,99907.0416666667,0,8.48804474794589
"46",16,1994,2,-0.000984488287940621,303.4345703125,290.607666015625,16888320,99889.1119791667,0,14.6332048273425
"47",16,1994,2,-0.000919899670407176,301.71875,289.92626953125,17761536,100050.333333333,0,14.8483267818476
"48",16,1994,2,-0.000916871940717101,302.29541015625,289.942626953125,17797248,100152.557291667,0,16.2991396818809
"49",16,1994,2,-0.000963425962254405,303.287353515625,289.440185546875,17935488,99965.1354166667,0,10.445513422099
"50",16,1994,2,-0.00109329028055072,304.357177734375,291.289794921875,17891200,99695.7526041667,0,9.16023294854025
"51",16,1994,2,-0.000620240345597267,302.220947265625,289.43798828125,16136896,99750.8385416667,0,44.7269693470675
"52",16,1994,2,-0.00050553772598505,300.040283203125,287.19580078125,15314688,99822.5390625,0,53.2574561065046
"53",16,1994,2,-0.000670688226819038,299.61474609375,286.259033203125,18721088,99861.9427083333,0,6.68962461140409
"54",16,1994,2,-0.000826814444735646,301.219482421875,285.624267578125,19023232,99988.8307291667,0,6.92294591662807
"55",16,1994,2,-0.000904786633327603,303.22265625,287.060791015625,19106688,100128.8984375,0,7.42174912744167
"56",16,1994,2,-0.000958314398303628,305.040283203125,288.8955078125,18964288,100096.0625,0,7.75428475249437
"57",16,1994,2,-0.0011334172450006,306.352783203125,290.064697265625,18691712,99946.9739583333,0,13.7971478956615
"58",16,1994,2,-0.000921250553801656,306.356689453125,291.95458984375,18763328,99851.2135416667,0,12.7632340508892
"59",16,1994,2,-0.000895900651812553,304.9462890625,290.09375,19146432,100064.677083333,0,19.4735970582692
"60",16,1994,3,-0.00103672640398145,304.881591796875,289.439453125,19513600,100081.072916667,0,10.5975716343075
"61",16,1994,3,-0.00125185819342732,307.483154296875,293.623291015625,19380032,99889.1640625,0,7.51103029539481
"62",16,1994,3,-0.00104503938928246,307.17333984375,293.5029296875,19182016,99929.0494791667,0,8.69056198636566
"63",16,1994,3,-0.00106754689477384,307.494140625,292.723876953125,19395328,99839.6197916667,0,9.60279303256735
"64",16,1994,3,-0.00111721828579903,307.364013671875,292.87744140625,19606528,99790.4947916667,0,7.31756758972106
"65",16,1994,3,-0.00107918726280332,306.6005859375,292.32861328125,18900992,99861.9348958333,0,6.93373735933838
"66",16,1994,3,-0.00126410275697708,307.192626953125,291.77978515625,19962944,99839.9375,0,7.20229857928608
"67",16,1994,3,-0.00140236713923514,307.94482421875,291.615234375,20198208,99870.6067708333,0,7.8331540407315
"68",16,1994,3,-0.00132415164262056,308.5966796875,293.15966796875,20145088,99892.4244791667,0,9.8901863159231
"69",16,1994,3,-0.00120230810716748,309.86572265625,293.904052734375,20048256,99739.2708333333,0,8.55783547400047
"70",16,1994,3,-0.00123370531946421,310.157958984375,295.227783203125,20063808,99736.6979166667,0,14.1407545761385
"71",16,1994,3,-0.00131321721710265,309.67529296875,294.939453125,20338112,99693.2395833333,0,19.1488653405932
"72",16,1994,3,-0.00101153738796711,310.632080078125,295.57958984375,20734592,99676.90625,0,18.1823116799646
"73",16,1994,3,-0.00086807762272656,310.968994140625,296.276123046875,20019584,99633.890625,0,10.7385807605738
"74",16,1994,3,-0.000929460395127535,311.836669921875,297.09033203125,20335296,99743.7734375,0,14.5542632862161
"75",16,1994,3,-0.00104327430017292,314.165283203125,296.118896484375,20662016,99706.7213541667,0,8.14956871403303
"76",16,1994,3,-0.000999151961877942,314.026123046875,298.403076171875,20722432,99643.625,0,8.94105753136814
"77",16,1994,3,-0.000996905844658613,312.785400390625,298.6357421875,20017344,99483.6875,0,18.9677132650606
"78",16,1994,3,-0.000956867821514606,308.71240234375,295.07568359375,21481408,99429.6197916667,0,13.7476504560955
"79",16,1994,3,-0.000992599874734879,309.120361328125,295.082275390625,21481984,99642.5546875,0,11.8886584186925
"80",16,1994,3,-0.000973348272964358,310.479248046875,295.25732421875,21306752,99708.0598958333,0,13.2926348661253
"81",16,1994,3,-0.000975110102444887,310.619384765625,295.83251953125,21244800,99678.65625,0,26.136832753883
"82",16,1994,3,-0.000926768640056252,310.881103515625,296.5166015625,21217472,99539.2109375,0,23.3660507417498
"83",16,1994,3,-0.000977695686742663,311.295654296875,297.263427734375,21254464,99668.640625,0,20.3782159760252
"84",16,1994,3,-0.00101203890517354,312.608642578125,298.848876953125,21380864,99704.7890625,0,18.8417379936034
"85",16,1994,3,-0.00087640481069684,312.178466796875,297.45947265625,21694144,99719.2083333333,0,19.473661462026
"86",16,1994,3,-0.000848509138450027,311.78125,297.218994140625,21764672,99781.2317708333,0,18.3066180542425
"87",16,1994,3,-0.00079654622823,310.72998046875,295.75634765625,21848576,99703.8229166667,0,20.7923823335457
"88",16,1994,4,-0.000768573489040136,310.307373046875,295.420654296875,21811392,99471.1432291667,0,22.8854256500731
"89",16,1994,4,-0.000827071722596884,310.628662109375,295.646240234375,21522816,99432.21875,0,15.8223478461755
"90",16,1994,4,-0.000833780504763126,310.439208984375,296.21875,21528512,99449.7265625,0,14.8213290718401
"91",16,1994,4,-0.000864511588588357,311.309326171875,296.163818359375,21594880,99607.6067708333,2.86102294921875e-06,15.8538652533208
"92",16,1994,4,-0.000843897229060531,310.645751953125,297.40478515625,21278720,99739.859375,5.24520874023438e-06,24.8365969591109
"93",16,1994,4,-0.000863185618072748,309.28076171875,296.596435546875,19343552,99597.8828125,0.00153636932373047,23.5098041896452
"94",16,1994,4,-0.000730567611753941,307.8173828125,294.45751953125,21953280,99495.4791666667,0,21.2873452025788
"95",16,1994,4,-0.000729886814951897,308.982666015625,294.857421875,22002752,99394.8463541667,2.81333923339844e-05,11.3100887054579
"96",16,1994,4,-0.000866886926814914,310.63330078125,296.4931640625,22375744,99404.78125,0,10.5195616717753
"97",16,1994,4,-0.000849929405376315,310.55224609375,297.0712890625,22675968,99515.921875,0,19.2081724006489
"98",16,1994,4,-0.000847519608214498,310.3212890625,296.370849609375,22589760,99457.6588541667,0,19.1315392599428
"99",16,1994,4,-0.00085282907821238,310.211669921875,296.011474609375,21833088,99576.1588541667,0,16.3771474553177
"100",16,1994,4,-0.000834538601338863,311.735107421875,296.500732421875,21593984,99747.4088541667,0,22.4966346015963
"101",16,1994,4,-0.000833410071209073,310.9248046875,298.564208984375,22211072,99776.7239583333,0,12.1396967184462
"102",16,1994,4,-0.000889489892870188,311.48046875,299.003173828125,22485248,99756.3463541667,0,17.6321251744167
"103",16,1994,4,-0.00084138847887516,310.2587890625,299.154296875,22429760,99675.4427083333,0,16.8079542580853
"104",16,1994,4,-0.000822541071102023,310.451416015625,297.892822265625,22928128,99605.59375,0,15.354068443413
"105",16,1994,4,-0.000835305545479059,310.9150390625,297.932861328125,22837056,99424.4583333333,0,18.9019153797745
"106",16,1994,4,-0.00063645257614553,311.96826171875,297.77880859375,22378176,99356.078125,0,44.1684701807739
"107",16,1994,4,-0.000600991537794471,311.54931640625,298.709716796875,22404480,99305.5729166667,0,48.9188054109978
"108",16,1994,4,-0.000620978651568294,311.675048828125,297.56640625,21491136,99288.5520833333,0,27.7156895971748
"109",16,1994,4,-0.00071259168908,311.203857421875,297.5712890625,22653696,99388.5859375,0,20.9627323371961
"110",16,1994,4,-0.000547791365534067,310.185546875,298.03369140625,18073152,99464.3020833333,0,20.8272978560597
"111",16,1994,4,-0.000685724895447493,312.453125,296.717529296875,22636672,99345.5677083333,0,30.8554442405214
"112",16,1994,4,-0.000734758796170354,313.228759765625,296.587646484375,23135744,99279.7942708333,0,25.2791112565057
"113",16,1994,4,-0.00088118645362556,313.512939453125,297.573974609375,23224576,99383.7239583333,0,32.6252146158309
"114",16,1994,4,-0.000858541112393141,313.444580078125,297.8720703125,22099584,99352.8046875,0,23.9537127710289
"115",16,1994,4,-0.000897615449503064,313.90625,299.003662109375,21512704,99205.1041666667,7.62939453125e-06,21.543211976254
"116",16,1994,4,-0.000850670039653778,314.4599609375,298.6015625,22725696,99074.5364583333,0,18.7617063857849
"117",16,1994,5,-0.000851318007335067,313.21630859375,299.053466796875,21879744,99249.2942708333,0.000182151794433594,16.5941784198471
"118",16,1994,5,-0.000682653626427054,312.84228515625,298.521728515625,22237568,99387.8541666667,0,24.9682291820915
"119",16,1994,5,-0.000657117692753673,313.374755859375,298.53369140625,23075776,99474.9505208333,0,32.1989701251289
"120",16,1994,5,-0.000544148730114102,313.52587890625,298.334228515625,22975808,99579.375,0,30.7684551073533
"121",16,1994,5,-0.000521745765581727,313.050048828125,298.40673828125,22422400,99462.0208333333,0,31.2750266888034
"122",16,1994,5,-0.000557839870452881,313.775390625,298.37744140625,22772096,99492.1822916667,0,31.0636720318867
"123",16,1994,5,-0.000549508957192302,313.372802734375,298.62060546875,22818752,99516.3932291667,0,36.7726297784341
"124",16,1994,5,-0.000465649645775557,312.778564453125,299.316162109375,22199936,99376.2109375,4.76837158203125e-06,49.8344808750272
"125",16,1994,5,-0.000429436331614852,314.1376953125,299.8994140625,21726656,99206.1432291667,1.66893005371094e-05,35.5526043023701
"126",16,1994,5,-0.000478602480143309,313.677978515625,300.12744140625,21342656,99169.15625,3.24249267578125e-05,41.1919012242133
"127",16,1994,5,-0.000493232160806656,313.205078125,300.06494140625,21197184,99227.9348958333,6.29425048828125e-05,29.8396229396397
"128",16,1994,5,-0.00051608681678772,313.802978515625,299.98095703125,21188736,99319.9114583333,0,29.7378986052278
"129",16,1994,5,-0.000578537816181779,312.818603515625,298.79248046875,22512576,99555.3880208333,0,26.7965448667633
"130",16,1994,5,-0.000679505756124854,313.507080078125,298.423583984375,23299520,99523.4166666667,0,19.0027737881114
"131",16,1994,5,-0.000704148318618536,315.422119140625,300.429443359375,23661376,99266.4921875,0,27.2373873998193
"132",16,1994,5,-0.00064936256967485,316.5205078125,299.708984375,23862272,99157.2916666667,0,30.6252056518693
"133",16,1994,5,-0.000575693789869547,316.523193359375,299.79150390625,23721856,99203.3541666667,0,33.3446162978447
"134",16,1994,5,-0.000485589262098074,315.39892578125,299.395751953125,23476480,99189.3411458333,0,36.3107021593159
"135",16,1994,5,-0.000457373913377523,315.551025390625,299.3486328125,23385856,99206.71875,1.43051147460938e-06,29.6402080403464
"136",16,1994,5,-0.000509606208652258,315.947509765625,299.0517578125,23351168,99323.8645833333,1.43051147460938e-06,33.0554979150256
"137",16,1994,5,-0.000513483071699739,316.42578125,298.970703125,23464768,99266.8463541667,0,36.5644691810118
"138",16,1994,5,-0.000470675295218825,316.64697265625,298.83056640625,23637376,99132.1484375,0,43.4068047338303
"139",16,1994,5,-0.000446119112893939,314.875732421875,299.54248046875,23538880,98989.21875,0,35.844967753587
"140",16,1994,5,-0.00043583195656538,314.653564453125,299.589599609375,23227712,98983.6640625,2.86102294921875e-06,28.9008918021533
"141",16,1994,5,-0.00048979208804667,315.0625,299.2607421875,23075840,99009.7526041667,0,29.5889954413532
"142",16,1994,5,-0.000491462182253599,315.1669921875,299.054443359375,22803328,98994.1796875,1.9073486328125e-06,22.4115681283359
"143",16,1994,5,-0.000564859015867114,314.95703125,299.55419921875,22753792,98946.4765625,0,21.7678240901316
"144",16,1994,5,-0.000708905979990959,316.062255859375,300.2216796875,22218688,98895.1848958333,0,28.4956317729083
"145",16,1994,5,-0.000677183270454407,316.102783203125,300.7763671875,22434752,98907.1223958333,0,29.8235071288427
"146",16,1994,5,-0.000678314827382565,316.18017578125,300.741943359375,22677824,98805.4817708333,0,27.3155138360037
"147",16,1994,5,-0.000635714503005147,316.984375,301.265625,22376448,98777.4322916667,0,28.4835979453866
"148",16,1994,6,-0.00051719113253057,315.338134765625,301.6123046875,22634176,98690.6770833333,0,30.886595185431
"149",16,1994,6,-0.000438255490735173,316.1435546875,300.894287109375,22562048,98679.9973958333,2.86102294921875e-06,24.2877651148264
"150",16,1994,6,-0.00040969904512167,315.78857421875,300.75927734375,22169472,98582.3489583333,4.76837158203125e-06,26.7576350934603
"151",16,1994,6,-0.000469900667667389,315.027587890625,301.3427734375,21696704,98419.8255208333,0,28.0333643541363
"152",16,1994,6,-0.000599889783188701,314.965087890625,301.231201171875,21695488,98367.796875,0,16.459015645268
"153",16,1994,6,-0.000662459759041667,315.910888671875,301.879638671875,20559040,98347.2239583333,0.00107097625732422,54.5528468940062
"154",16,1994,6,-0.000571111915633082,311.9306640625,301.806884765625,20729152,98640.6953125,0.00122594833374023,46.2096437220334
"155",16,1994,6,-0.000749006168916821,313.337158203125,301.88134765625,20312576,98771.1614583333,0.000658988952636719,30.0087022091213
"156",16,1994,6,-0.00155600905418396,313.54052734375,301.806396484375,18648384,98801.3229166667,0.00603008270263672,21.3592282653464
"157",16,1994,6,-0.00191057054325938,310.078369140625,301,20264576,98698.6666666667,7.10487365722656e-05,23.0087145444845
"158",16,1994,6,-0.0016168188303709,310.482421875,300.92431640625,18052992,98678.0520833333,0.00480556488037109,11.1684129541538
"159",16,1994,6,-0.00281024049036205,310.117431640625,301.51318359375,17416832,98723.1692708333,0.00348567962646484,6.6179031960651
"160",16,1994,6,-0.002831453923136,307.137451171875,299.044189453125,11707520,98689.4166666667,0.0130805969238281,7.41159352512146
"161",16,1994,6,-0.00295960437506437,305.17919921875,298.828369140625,9773248,98541.03125,0.0245180130004883,10.2871517458173
"162",16,1994,6,-0.00351402629166842,307.25048828125,299.383544921875,13775808,98373.4505208333,0.00526189804077148,35.551853565362
"163",16,1994,6,-0.003586879465729,307.39892578125,300.440185546875,13166656,98553.171875,0,37.847779993607
"164",16,1994,6,-0.00329590844921768,306.543212890625,300.337646484375,14024576,98760.3619791667,1.9073486328125e-06,30.0801914076329
"165",16,1994,6,-0.00441914587281644,309.47900390625,300.69384765625,19773760,98679.3229166667,6.19888305664062e-06,30.5180415921314
"166",16,1994,6,-0.00378945097327232,309.527587890625,300.430908203125,18866944,98693.9817708333,4.43458557128906e-05,26.776426273302
"167",16,1994,6,-0.00330794253386557,310.04443359375,300.5986328125,19023296,98765.2473958333,0.000116825103759766,25.1252605773348
"168",16,1994,6,-0.00202979636378586,309.0615234375,300.192626953125,13702656,98704.5572916667,0.0002288818359375,28.3274499029293
"169",16,1994,6,-0.00149449589662254,307.81005859375,300.466796875,14163584,98664.4557291667,0.000135898590087891,30.2388191109498
"170",16,1994,6,-0.00132071250118315,308.248779296875,300.56787109375,14055040,98659.9947916667,0.000219345092773438,17.6347183294279
"171",16,1994,6,-0.00131020415574312,306.931640625,300.1982421875,13282560,98641.5807291667,0.000853538513183594,11.6630122294972
"172",16,1994,6,-0.00148524739779532,304.6005859375,299.46923828125,8698176,98674.4557291667,0.00392341613769531,20.5773329644058
"173",16,1994,6,-0.00188206462189555,306.18310546875,299.723388671875,13745792,98523.1848958333,0.0003662109375,33.6629676363066
"174",16,1994,6,-0.0017722537741065,307.00244140625,299.992919921875,12900288,98357.25,0.000130176544189453,22.0619828482832
"175",16,1994,6,-0.00146312639117241,307.85791015625,300.18115234375,11693824,98380.3072916667,0.000145912170410156,14.6868657307611
"176",16,1994,6,-0.00163969281129539,304.375244140625,299.408447265625,7145280,98427.4609375,0.015739917755127,11.8790576215809
"177",16,1994,6,-0.00213068793527782,302.355712890625,299.087890625,6013184,98495.5182291667,0.0146608352661133,8.88253047475046
"178",16,1994,7,-0.0026314714923501,304.7529296875,299.225341796875,9348096,98478.2630208333,0.00294017791748047,16.4876554552355
"179",16,1994,7,-0.00415931874886155,307.72705078125,299.07568359375,16448832,98673.1901041667,0.000414371490478516,25.0809625467308
"180",16,1994,7,-0.00387900439091027,306.566650390625,299.469482421875,16461312,98806.5338541667,0.000431060791015625,10.2142450252779
"181",16,1994,7,-0.00363723654299974,307.30908203125,299.087158203125,15364352,98735.5729166667,0.000558853149414062,11.8859902954358
"182",16,1994,7,-0.00185585138387978,302.34375,298.701904296875,5746624,98784.0234375,0.00491476058959961,12.9512572374586
"183",16,1994,7,-0.00265292171388865,304.014892578125,299.0810546875,10193216,98941.8411458333,0.00143909454345703,30.346957832477
"184",16,1994,7,-0.00376611202955246,306.56201171875,299.38671875,16380736,98952.7916666667,0.00114870071411133,46.4332960364812
"185",16,1994,7,-0.00329218246042728,306.10400390625,299.658447265625,14511808,98816.265625,0.00349998474121094,50.4975274842694
"186",16,1994,7,-0.00319767440669239,305.2724609375,299.78271484375,14866240,98767.6875,0.000520706176757812,44.3136710703504
"187",16,1994,7,-0.00282737263478339,304.94580078125,299.735107421875,12308352,98662.8203125,0.00486516952514648,38.139778373528
"188",16,1994,7,-0.00271435454487801,306.0263671875,299.75634765625,11683968,98446.7265625,0.00226068496704102,25.4656567209697
"189",16,1994,7,-0.00241346680559218,303.442138671875,298.950927734375,9860032,98328.7708333333,0.00548458099365234,18.4926969242993
"190",16,1994,7,-0.00168938678689301,301.878173828125,298.33935546875,3551744,98197.625,0.0779824256896973,20.4861475128547
"191",16,1994,7,-0.00353318988345563,300.7333984375,297.88232421875,7309376,98069.7786458333,0.105963230133057,61.32612272734
"192",16,1994,7,-0.00215103384107351,300.14111328125,298.08251953125,2949632,98308.1510416667,0.139147281646729,36.3886043711213
"193",16,1994,7,-0.00350502831861377,303.324951171875,298.811279296875,12080320,98469.3255208333,0.000744819641113281,23.2846543094313
"194",16,1994,7,-0.00390883977524936,304.44970703125,298.786865234375,14124224,98746.2473958333,0.000515460968017578,22.3164161318243
"195",16,1994,7,-0.00384353171102703,304.94189453125,298.92333984375,13097088,98752.046875,0.0010991096496582,22.3146379732019
"196",16,1994,7,-0.0032140368130058,303.068603515625,298.915771484375,11611904,98690.8463541667,0.00152826309204102,15.1077885021798
"197",16,1994,7,-0.00301312957890332,302.809814453125,299.0048828125,9386944,98611.1510416667,0.00335359573364258,29.3212525249416
"198",16,1994,7,-0.00188148231245577,302.517578125,298.550537109375,5182976,98644.8567708333,0.00454092025756836,15.4119244054106
"199",16,1994,7,-0.0027817056979984,301.940673828125,298.210693359375,8575104,98726.3515625,0.0167293548583984,13.3908573762493
"200",16,1994,7,-0.00180138694122434,302.16259765625,298.255859375,5286592,98759.8151041667,0.00336933135986328,17.9815761756516
"201",16,1994,7,-0.00195696484297514,301.08154296875,298.413818359375,5979840,98757.6588541667,0.00357198715209961,15.6543819008285
"202",16,1994,7,-0.00304428907111287,303.351806640625,298.64013671875,10212992,98756.7942708333,0.00160884857177734,27.5712090514524
"203",16,1994,7,-0.00314126070588827,303.7685546875,298.885009765625,10283200,98630.3072916667,0.000259876251220703,35.5251349253329
"204",16,1994,7,-0.00334031064994633,303.316650390625,299.392578125,11013568,98621.9713541667,0.000473976135253906,29.0321470709722
"205",16,1994,7,-0.00322653143666685,304.30224609375,299.423095703125,10283200,98643.2604166667,0.000562191009521484,34.1309115305498
"206",16,1994,7,-0.00363419693894684,303.771484375,299.28857421875,11690688,98522.984375,0.000866889953613281,43.7755931565023
"207",16,1994,7,-0.00406210846267641,304.55615234375,299.232666015625,13298112,98468.6822916667,0.000423908233642578,45.9852056625243
"208",16,1994,7,-0.00224653771147132,302.59521484375,299.244140625,6373440,98558.65625,0.000420570373535156,30.818756487054
"209",16,1994,8,-0.00195938488468528,302.4931640625,298.96875,4826048,98495.7604166667,0.00631093978881836,27.4950665718796
"210",16,1994,8,-0.00245815142989159,300.7080078125,298.413330078125,6675328,98444.7369791667,0.0213556289672852,20.6536654755474
"211",16,1994,8,-0.00385055062361062,303.444580078125,298.126220703125,13140288,98782.203125,0.00111913681030273,33.5305482332222
"212",16,1994,8,-0.00398096954450011,304.71435546875,298.373291015625,13726528,98929.125,0.00131797790527344,15.9706459789742
"213",16,1994,8,-0.00220048194751143,303.021240234375,297.683349609375,6852672,99024.1536458333,0.000413417816162109,14.9156615033268
"214",16,1994,8,-0.00353208114393055,303.583251953125,297.880126953125,12023360,99076.6302083333,0.00124406814575195,21.2058886509757
"215",16,1994,8,-0.00336376531049609,304.093017578125,298.60888671875,11483392,99235.203125,0.000352382659912109,25.2070188312567
"216",16,1994,8,-0.00369501975364983,303.31396484375,298.512451171875,12689344,99083.5442708333,0.000814437866210938,38.2933346752738
"217",16,1994,8,-0.00250622699968517,301.42724609375,298.343994140625,6841920,98874.0364583333,0.00647115707397461,29.3625524652403
"218",16,1994,8,-0.00211988249793649,302.09814453125,298.220703125,6236224,98873.6510416667,0.0051732063293457,15.0361044428382
"219",16,1994,8,-0.00349389016628265,302.99609375,298.0361328125,12376512,98972.0286458333,0.000988006591796875,21.9314402492476
"220",16,1994,8,-0.00172812608070672,300.89208984375,298.613525390625,5499264,99026.0989583333,0.00454092025756836,11.1543580066144
"221",16,1994,8,-0.00172850862145424,301.97998046875,298.367431640625,5556224,99118.0390625,0.00110483169555664,18.956420993626
"222",16,1994,8,-0.00374804507009685,303.45947265625,298.47216796875,13462080,99261.3489583333,0.00243544578552246,23.7133291466677
"223",16,1994,8,-0.00321067357435822,302.78515625,298.55419921875,10143936,99069.6328125,0.000479221343994141,47.9744349934716
"224",16,1994,8,-0.00319083873182535,302.871826171875,298.440673828125,9866368,98864.0885416667,0.000730991363525391,40.5391671119431
"225",16,1994,8,-0.00316623644903302,303.277099609375,298.45263671875,10664704,98942.4296875,0.00109338760375977,30.3288445719367
"226",16,1994,8,-0.00372478389181197,304.957763671875,298.29248046875,13397952,98857.8776041667,0.00148248672485352,19.5809988112289
"227",16,1994,8,-0.00290018762461841,302.951904296875,298.39990234375,9143360,98634.4609375,0.020207405090332,27.4303869200733
"228",16,1994,8,-0.00170368235558271,301.83544921875,298.218017578125,4056448,98696.578125,0.0384888648986816,23.541693399872
"229",16,1994,8,-0.00374337541870773,304.5234375,298.083984375,13472960,98981.6614583333,0.00138235092163086,19.4260447550315
"230",16,1994,8,-0.00359123852103949,305.361083984375,298.1953125,12712384,99036.5182291667,0.00133752822875977,8.95726010728348
"231",16,1994,8,-0.00369100598618388,304.263671875,298.64306640625,12987712,99036.1588541667,0.00237035751342773,10.471485722545
"232",16,1994,8,-0.00349558121524751,303.9580078125,297.990966796875,11582528,99042.4921875,0.000579357147216797,20.7974864934456
"233",16,1994,8,-0.00351976812817156,303.090576171875,298.42138671875,11509376,98952.6692708333,0.000896930694580078,28.6910126035498
"234",16,1994,8,-0.0035689533688128,303.639404296875,298.755615234375,12009472,98860.1041666667,0.00186395645141602,21.8441095054599
"235",16,1994,8,-0.00260592484846711,301.987060546875,297.741455078125,8151744,98785.46875,0.00412225723266602,19.1100524832186
"236",16,1994,8,-0.00223731063306332,302.304931640625,298.187255859375,7077376,98827.2473958333,0.000786781311035156,21.0394181238979
"237",16,1994,8,-0.00232764845713973,303.8818359375,298.268310546875,8090112,98741.7421875,0.00188541412353516,14.1754891054047
"238",16,1994,8,-0.00302062160335481,305.10595703125,297.80517578125,12047552,98555.4453125,0.00707340240478516,6.23641219044178
"239",16,1994,9,-0.0021267004776746,303.864501953125,297.658447265625,7275904,98497.9557291667,0.0131659507751465,5.12767828472167
"240",16,1994,9,-0.00297850440256298,303.57666015625,298.004150390625,9978048,98571.8098958333,0.00598907470703125,15.0985991344076
"241",16,1994,9,-0.00347777013666928,303.937255859375,297.76611328125,12232320,98694.2682291667,0.00201749801635742,22.7534618465633
"242",16,1994,9,-0.00359190162271261,303.56787109375,297.678955078125,12989376,98915.96875,0.00357627868652344,11.5747766757459
"243",16,1994,9,-0.00284233316779137,302.8134765625,298.0341796875,8467840,98830.9817708333,0.0181221961975098,22.4392137314072
"244",16,1994,9,-0.001648074015975,299.945556640625,297.2978515625,3769792,98770.4635416667,0.0283389091491699,22.8659301990992
"245",16,1994,9,-0.00221563503146172,300.45166015625,297.641357421875,4413248,99113.8567708333,0.153167247772217,32.9019811496995
"246",16,1994,9,-0.00265461788512766,302.667236328125,297.4443359375,8296448,99218.3697916667,0.0031743049621582,23.3564295555989
"247",16,1994,9,-0.00368993426673114,304.23388671875,296.18017578125,13173888,99396.5052083333,0.000265598297119141,15.3463830715796
"248",16,1994,9,-0.00367231760174036,303.122314453125,296.13427734375,13471552,99473.7161458333,9.87052917480469e-05,14.3229466878462
"249",16,1994,9,-0.00380436005070806,303.04443359375,295.919921875,14585984,99408.6640625,2.81333923339844e-05,9.02377526450055
"250",16,1994,9,-0.00364005845040083,303.186279296875,297.11767578125,14082112,99385.7057291667,4.14848327636719e-05,8.71207497938555
"251",16,1994,9,-0.00354717089794576,302.81201171875,296.57958984375,13899072,99382.6510416667,0.000273466110229492,9.31499591272211
"252",16,1994,9,-0.00366745935752988,303.40966796875,296.455078125,14280256,99471.1875,2.24113464355469e-05,13.4067845357202
"253",16,1994,9,-0.00405886396765709,304.2236328125,295.68212890625,16246016,99475.171875,3.814697265625e-06,13.3940725900361
"254",16,1994,9,-0.00417672866024077,304.399169921875,295.68115234375,18012608,99378.5130208333,6.67572021484375e-06,15.5609074134755
"255",16,1994,9,-0.00408009043894708,304.076171875,294.5068359375,17135936,99440.3880208333,3.67164611816406e-05,16.5705431991557
"256",16,1994,9,-0.00403790199197829,304.276123046875,294.384521484375,17244992,99599.8671875,2.38418579101562e-06,12.701945987925
"257",16,1994,9,-0.00366918253712356,303.852783203125,294.767333984375,15875136,99733.4296875,0,9.20439458642853
"258",16,1994,9,-0.00371139869093895,304.570068359375,295.047119140625,18399488,99844.0260416667,0,6.12101960197298
"259",16,1994,9,-0.0034566551912576,304.91357421875,295.6259765625,17561088,99913.1796875,6.67572021484375e-05,5.21284052460061
"260",16,1994,9,-0.0032860164064914,305.195068359375,295.645263671875,16812544,99870.96875,2.05039978027344e-05,5.78970561578652
"261",16,1994,9,-0.00335553148761392,306.359130859375,296.682373046875,17769664,99783.8723958333,0,5.22035796266686
"262",16,1994,9,-0.00287704379297793,306.248291015625,296.00146484375,17243456,99807.5729166667,0,5.07312678145915
"263",16,1994,9,-0.00257210154086351,307.327880859375,296.5234375,18580544,99821.9166666667,0,4.99995505011543
"264",16,1994,9,-0.00245858798734844,307.475341796875,296.721435546875,18371072,99856.0078125,0,5.3307618077757
"265",16,1994,9,-0.00260136439464986,307.763916015625,295.737060546875,19248896,99823.8463541667,0,8.3423565924473
"266",16,1994,9,-0.0024045486934483,307.3603515625,295.548828125,19063232,99814.53125,0,9.53319170701868
"267",16,1994,10,-0.00257635908201337,308.199951171875,295.4931640625,18864512,99695.5208333333,0,6.63744329190574
"268",16,1994,10,-0.00254717376083136,308.7255859375,296.119140625,18897856,99544.0598958333,0,5.09337614514553
"269",16,1994,10,-0.0025008856318891,309.054443359375,296.596923828125,18819200,99454.2786458333,0,4.89013195296842
"270",16,1994,10,-0.00242867809720337,308.939453125,296.55126953125,18515200,99463.6067708333,0,5.32449206819869
"271",16,1994,10,-0.00246105808764696,309.409912109375,296.405517578125,18537472,99432.0677083333,0,7.64614961286672
"272",16,1994,10,-0.00248478050343692,310.42919921875,295.6484375,18459968,99475.9401041667,0,7.87881341796058
"273",16,1994,10,-0.00246652262285352,309.255615234375,295.409912109375,18215680,99500.4583333333,0,7.81240021178664
"274",16,1994,10,-0.00234823417849839,309.64501953125,296.305908203125,18313664,99543.5572916667,0,5.74612772902933
"275",16,1994,10,-0.00219088839367032,310.354736328125,295.62451171875,18188544,99632.921875,0,5.36049467044134
"276",16,1994,10,-0.00231054192408919,309.710693359375,295.43994140625,18094976,99685.3385416667,0,6.73699363175297
"277",16,1994,10,-0.00194824207574129,309.635009765625,295.5078125,17425216,99703.5026041667,0,10.177148105952
"278",16,1994,10,-0.00187122006900609,308.118408203125,294.218505859375,18296128,99686.2552083333,0,12.6747952107893
"279",16,1994,10,-0.00162470806390047,306.857666015625,293.65673828125,18289152,99770.0833333333,0,9.8985387501922
"280",16,1994,10,-0.00158528052270412,306.30029296875,293.731689453125,18368320,99865.7526041667,0,6.86011496376884
"281",16,1994,10,-0.00147574162110686,306.264892578125,294.39599609375,18303296,99883.9140625,0,5.96220064164409
"282",16,1994,10,-0.00166400126181543,307.1123046875,294.15673828125,17501184,99822.28125,0,11.694358430299
"283",16,1994,10,-0.00165307382121682,307.820068359375,294.3515625,17739392,99921.2864583333,0,20.7868083986362
"284",16,1994,10,-0.00173365115188062,308.2783203125,294.28173828125,17384064,100035.666666667,0,18.1174082272578
"285",16,1994,10,-0.00182939204387367,307.572998046875,293.2392578125,17917056,100027.583333333,0,9.42426869976119
"286",16,1994,10,-0.00176501809619367,307.618408203125,293.285400390625,17800768,99914.234375,0,12.137032887883
"287",16,1994,10,-0.00147060747258365,307.513427734375,294.031982421875,16482432,99855.71875,0.000110149383544922,8.97480706183607
"288",16,1994,10,-0.00150572438724339,308.672607421875,295.361572265625,16009088,99939.4739583333,0,5.94787823440452
"289",16,1994,10,-0.0016984639223665,307.989501953125,294.599365234375,17436800,99949.0208333333,0,4.70761923857601
"290",16,1994,10,-0.00150313298217952,309.1240234375,294.5498046875,17166080,99927.0442708333,0,4.38551606938672
"291",16,1994,10,-0.00144844246096909,309.784423828125,294.5888671875,16963008,99863.5520833333,0,5.94063710679692
"292",16,1994,10,-0.00141029059886932,308.93701171875,294.13134765625,17021696,99849.0338541667,0,6.11009954684212
"293",16,1994,10,-0.00143359950743616,308.8271484375,295.658447265625,16942656,99831.8802083333,0,4.96718464290243
"294",16,1994,10,-0.00143498973920941,308.6728515625,294.93359375,16650304,99840.3880208333,0,4.96068578039901
"295",16,1994,10,-0.00141603080555797,309.291748046875,296.66162109375,15690880,99881.9270833333,0,6.86435231109668
"296",16,1994,10,-0.00135890766978264,308.6943359375,295.912841796875,15141760,99956.203125,0.000134468078613281,4.67893268633643
"297",16,1994,11,-0.00128752691671252,307.53173828125,294.405517578125,15963456,100194.424479167,0,13.3236020790969
"298",16,1994,11,-0.00138297490775585,307.3759765625,294.593994140625,16164928,100140.625,0,9.47401571867166
"299",16,1994,11,-0.00139375263825059,306.794921875,292.992431640625,15844608,100143.216145833,0,7.9836808817012
"300",16,1994,11,-0.00135040422901511,305.865234375,292.466552734375,16167168,100247.299479167,0,24.129234948423
"301",16,1994,11,-0.00127295404672623,305.8798828125,293.204833984375,13631360,100178.236979167,0,19.2487854055038
"302",16,1994,11,-0.00130430492572486,307.249755859375,292.656494140625,15030592,100157.434895833,0,12.8300997792715
"303",16,1994,11,-0.00132495141588151,306.646728515625,292.219482421875,16125504,100097.380208333,0,10.3465625625147
"304",16,1994,11,-0.00127390678972006,306.9326171875,292.41259765625,16040640,100107.658854167,0,12.9095632506326
"305",16,1994,11,-0.00110267801210284,305.70166015625,292.544189453125,14940032,100179.424479167,0,12.3551261863104
"306",16,1994,11,-0.00104654114693403,306.685302734375,292.7509765625,15461696,100196.4765625,0,10.6806929957762
"307",16,1994,11,-0.00111828162334859,306.631591796875,292.661376953125,15550080,99972.0989583333,0,5.08644179272947
"308",16,1994,11,-0.00111823459155858,306.583740234375,293.197265625,14827136,99853.1848958333,0,6.33110134890736
"309",16,1994,11,-0.00118761206977069,306.127197265625,292.671142578125,15267328,99879.5755208333,0,7.39323800931421
"310",16,1994,11,-0.00121442414820194,305.78564453125,291.937744140625,14877696,99910.7421875,0,3.92607824709175
"311",16,1994,11,-0.000870835734531283,304.3017578125,293.197265625,13966144,100018.106770833,0,9.38216022169828
"312",16,1994,11,-0.000975691946223378,304.11083984375,293.6826171875,14133248,100114.247395833,6.67572021484375e-06,7.9894784763153
"313",16,1994,11,-0.00116486987099051,305.23681640625,292.2509765625,14424320,100160.8984375,0,13.5601273817267
"314",16,1994,11,-0.0012288074940443,305.390869140625,291.665771484375,15076544,100181.635416667,0,13.7533095170441
"315",16,1994,11,-0.00122824218124151,304.871826171875,291.0546875,15234880,100131.513020833,0,9.11607305238168
"316",16,1994,11,-0.0012015753891319,303.908447265625,289.97509765625,15329216,100048.3125,0,7.2603038842484
"317",16,1994,11,-0.00117610185407102,303.7041015625,288.89599609375,15206656,100172.252604167,0,8.30156286067243
"318",16,1994,11,-0.00115241319872439,304.21533203125,289.1943359375,14974400,100288.1484375,0,8.6777726565698
"319",16,1994,11,-0.00124312471598387,303.08740234375,288.283447265625,15009088,100364.8828125,0,13.8343653163007
"320",16,1994,11,-0.00122419069521129,302.53466796875,288.38525390625,15060416,100326.950520833,0,9.9088528868989
"321",16,1994,11,-0.00123782269656658,302.80322265625,288.376708984375,14920192,100102.122395833,0,6.82324321554555
"322",16,1994,11,-0.0012440518476069,304.16943359375,288.218017578125,14927744,99939.171875,0,4.16870946760138
"323",16,1994,11,-0.00133829959668219,304.352294921875,288.84716796875,14886272,99938.1015625,0,5.24072479562155
"324",16,1994,11,-0.00115870428271592,303.748779296875,288.655517578125,14866624,99925.7526041667,0,4.82199142921903
"325",16,1994,11,-0.000740624265745282,303.340087890625,289.671875,14427072,99908.4869791667,4.76837158203125e-07,4.7666177731299
"326",16,1994,11,-0.000616653356701136,303.43017578125,290.07373046875,14442880,99972.6692708333,0,2.99262534088543
"327",16,1994,12,-0.000552271958440542,303.195556640625,291.093994140625,14415040,100090.794270833,0,4.99136066536575
"328",16,1994,12,-0.000652451300993562,302.7529296875,290.84814453125,14234176,100061.114583333,0,4.31346028205837
"329",16,1994,12,-0.000764029799029231,303.123779296875,290.171630859375,14163200,100219.0859375,0,5.05592077017814
"330",16,1994,12,-0.000901334686204791,304.9765625,289.85791015625,14191744,100382.34375,0,5.89938865484788
"331",16,1994,12,-0.000907084671780467,304.892333984375,291.644287109375,14221376,100251.747395833,0,3.42801655083429
"332",16,1994,12,-0.00106320809572935,304.375,290.45166015625,14254208,100104.513020833,0,6.27088449893161
"333",16,1994,12,-0.000791345722973347,303.71533203125,291.85009765625,14144320,100080.28125,0,10.6160299095145
"334",16,1994,12,-0.000751854851841927,302.1787109375,288.365478515625,14197376,100162.026041667,0,12.424401867388
"335",16,1994,12,-0.000894403317943215,299.07421875,285.528076171875,14649344,100242.859375,0,10.5666639973708
"336",16,1994,12,-0.00107162608765066,297.43798828125,281.70263671875,14924544,100252.276041667,0,16.7415165656927
"337",16,1994,12,-0.00123705621808767,297.441162109375,281.20849609375,14856960,100271.049479167,0,9.08540436190006
"338",16,1994,12,-0.00131078716367483,299.31201171875,284.507568359375,14635392,100316.236979167,0,8.43476416395228
"339",16,1994,12,-0.00127998692914844,300.8447265625,284.54443359375,14379584,100341.263020833,0,7.19110888874042
"340",16,1994,12,-0.00112682487815619,300.5615234375,284.93505859375,14373760,100405.658854167,0,16.9759032150616
"341",16,1994,12,-0.00109856924973428,301.29833984375,284.884521484375,14144064,100175.3671875,0,9.65409400634235
"342",16,1994,12,-0.00097543653100729,302.24267578125,286.474365234375,14033024,100432.700520833,0,9.62867140464277
"343",16,1994,12,-0.000888528767973185,301.629638671875,286.97900390625,14174656,100594.244791667,0,8.73724535032459
"344",16,1994,12,-0.000895043602213264,302.253662109375,286.6591796875,14162624,100621.067708333,0,9.02002412823467
"345",16,1994,12,-0.00093832379207015,302.255615234375,286.548095703125,14188096,100644.377604167,0,12.8894925084655
"346",16,1994,12,-0.000854034908115864,302.349853515625,285.692626953125,14215232,100572.450520833,0,7.64557638095262
"347",16,1994,12,-0.000738523434847593,302.84228515625,288.030029296875,14190784,100480.953125,0,6.14611934359859
"348",16,1994,12,-0.0007925636600703,302.83935546875,287.351806640625,14167168,100316,0,4.50146878282507
"349",16,1994,12,-0.000705861952155828,302.591796875,286.78955078125,13924032,100264.635416667,0,6.89835285303509
"350",16,1994,12,-0.000951021444052458,301.385009765625,288.154296875,14058624,100114.088541667,0,10.2516813188532
"351",16,1994,12,-0.000591564923524857,298.005859375,284.6640625,14237248,100316.291666667,0,20.1921879104721
"352",16,1994,12,-0.000841902801766992,297.773681640625,283.660400390625,14806144,100426.3984375,0,16.6751923771486
"353",16,1994,12,-0.000937802251428366,299.15625,283.4169921875,14601856,100357.369791667,0,9.57682992877842
"354",16,1994,12,-0.00108109787106514,299.85400390625,284.199462890625,14613696,100236.390625,0,5.97099009816535
"355",16,1995,1,-0.000979333417490125,300.27587890625,284.4365234375,14734784,100138.1796875,0,6.14732409682762
"356",16,1995,1,-0.000858588144183159,300.4931640625,285.771728515625,14722496,100040.065104167,0,5.38461726120067
"357",16,1995,1,-0.000612431671470404,299.0263671875,285.613037109375,14329728,100019.731770833,0,6.10236895065585
"358",16,1995,1,-0.000875843223184347,298.4072265625,283.369384765625,14751872,100279.8203125,0,15.5910108310832
"359",16,1995,1,-0.000934651121497154,299.977783203125,284.879638671875,14516224,100183.450520833,4.29153442382812e-06,16.6006288742589
"360",16,1995,1,-0.000795476837083697,298.785888671875,287.62109375,11207232,100038.75,0.00486946105957031,9.21549529616773
"361",16,1995,1,-0.00164808356203139,296.30517578125,284.524169921875,13816192,99886.4192708333,0.000293254852294922,17.5057987320161
"362",16,1995,1,-0.00152027909643948,296.788818359375,284.09423828125,14971904,100185.794270833,0,5.97185095999632
"363",16,1995,1,-0.00122064771130681,296.562744140625,285.299560546875,14221824,100261.268229167,0,8.70664788513452
"364",16,1995,1,-0.00109347049146891,297.181884765625,283.639404296875,14858752,100366.546875,0,12.7109875140307
"365",16,1995,1,-0.000993226189166307,296.60400390625,283.276611328125,15241920,100443.682291667,0,12.3976062633399
"366",16,1995,1,-0.000889732502400875,297.429931640625,283.159912109375,15104896,100179.109375,0,8.53233058888665
"367",16,1995,1,-0.000881814165040851,299.10302734375,283.999267578125,15049536,100018.822916667,0,17.3817966656626
"368",16,1995,1,-0.000590746523812413,297.109130859375,283.976318359375,13751872,100252.138020833,0,22.9231492992751
"369",16,1995,1,-0.000637747114524245,296.77685546875,283.492431640625,15379520,100405.213541667,0,26.4463505950631
"370",16,1995,1,-0.000781687907874584,297.93408203125,284.761474609375,15622464,100681.645833333,0,23.2993750473105
"371",16,1995,1,-0.000746846664696932,297.9111328125,284.04150390625,15566080,100657.375,0,14.3286070722268
"372",16,1995,1,-0.00090486416593194,298.9306640625,281.651611328125,15543872,100397.286458333,0,7.49152375470965
"373",16,1995,1,-0.00106199854053557,299.815185546875,284.520751953125,15537088,100146.973958333,0,6.14363627527369
"374",16,1995,1,-0.000904211774468422,300.65478515625,286.35302734375,15515776,100126.200520833,0,6.10626699765482
"375",16,1995,1,-0.000898285070434213,301.288330078125,285.97314453125,15529856,100241.25,0,9.63921858442516
"376",16,1995,1,-0.000999694457277656,300.749755859375,285.27685546875,15920384,100329.520833333,0,4.99189658388815
"377",16,1995,1,-0.000760577153414488,300.9873046875,286.252685546875,15631040,100240.283854167,1.43051147460938e-06,5.57947214612241
"378",16,1995,1,-0.000648064538836479,301.643310546875,290.346435546875,13858304,100306.403645833,5.00679016113281e-05,4.05770822862414
"379",16,1995,1,-0.000995838083326817,302.87841796875,288.787841796875,15900544,100309.520833333,0,6.6043515429831
"380",16,1995,1,-0.00103825749829412,303.394287109375,288.366455078125,15966400,100337.307291667,0,6.85836559090935
"381",16,1995,1,-0.0010529428254813,303.234130859375,289.18310546875,16127168,100342.744791667,0,7.73701541076372
"382",16,1995,1,-0.00114034116268158,302.396728515625,288.99169921875,16250176,100294.8671875,0,9.60929050720924
"383",16,1995,1,-0.00116246636025608,302.97314453125,287.809326171875,16231616,100251.817708333,0,9.67971511296237
"384",16,1995,2,-0.00118502997793257,303.4873046875,288.256591796875,16296256,100203.026041667,0,9.75193999234239
"385",16,1995,2,-0.00121939484961331,303.18408203125,288.701416015625,16427328,100091.434895833,0,7.16336511374352
"386",16,1995,2,-0.00119255506433547,302.677001953125,288.5166015625,16663488,100042.864583333,0,11.8753700195803
"387",16,1995,2,-0.00115292496047914,302.662353515625,288.489501953125,16652480,100154.7421875,0,12.8735609842125
"388",16,1995,2,-0.00123000261373818,302.786376953125,288.62890625,16781888,100374.049479167,0,22.5809068748526
"389",16,1995,2,-0.00122842541895807,303.1455078125,288.6494140625,16757696,100393.135416667,0,24.6351775005554
"390",16,1995,2,-0.00122288079001009,304.304443359375,288.81591796875,16778496,100263.838541667,0,13.793122995275
"391",16,1995,2,-0.00123878032900393,305.80615234375,289.078857421875,16887616,100017.098958333,0,7.19722793044837
"392",16,1995,2,-0.00137461698614061,306.800537109375,290.544921875,17033280,99953.3125,0,8.87094887870008
"393",16,1995,2,-0.00153813511133194,307.177734375,289.878662109375,17335744,99855.0130208333,0,10.8322470574825
"394",16,1995,2,-0.00109061831608415,305.127197265625,291.07080078125,17053568,99816.3854166667,2.86102294921875e-06,14.2474366668397
"395",16,1995,2,-0.000821618130430579,303.4853515625,291.0810546875,17066368,99823.1614583333,0,13.5277732541199
"396",16,1995,2,-0.000754237873479724,301.783203125,290.333740234375,17167616,99787.9114583333,0,20.4435398971581
"397",16,1995,2,-0.000552074518054724,300.388916015625,290.05224609375,16432000,99876.2369791667,0,13.3786234997695
"398",16,1995,2,-0.000647471752017736,301.10546875,286.74609375,17887488,99954.8307291667,0,7.48634617517188
"399",16,1995,2,-0.000982687575742602,302.08544921875,286.1083984375,18066304,99853.4401041667,0,6.85942879180793
"400",16,1995,2,-0.00100524118170142,302.381103515625,288.36181640625,18090880,99767.7864583333,0,15.0756363211045
"401",16,1995,2,-0.0008701307233423,302.92578125,290.362060546875,17694016,99792.203125,0,10.6966219487154
"402",16,1995,2,-0.000811899313703179,303.872314453125,290.57470703125,17941952,99889.578125,0,19.9012517973636
"403",16,1995,2,-0.000763807911425829,303.9189453125,291.234130859375,18199808,99980.5364583333,0,11.6361512110436
"404",16,1995,2,-0.00111578078940511,304.11474609375,290.8974609375,17471360,99945.8072916667,0,9.95234006321606
"405",16,1995,2,-0.00085322791710496,301.44287109375,287.237548828125,18333184,99886.2890625,0,16.1468455069387
"406",16,1995,2,-0.00115719018504024,301.086669921875,286.688232421875,19018880,99970.4114583333,0,5.57069254566613
"407",16,1995,2,-0.00106647121720016,302.5078125,287.1171875,18869632,99978.6145833333,0,13.2603152219208
"408",16,1995,2,-0.00107833277434111,304.376220703125,289.2548828125,18409728,99755.0390625,0,6.40688145670197
"409",16,1995,2,-0.000858558574691415,305.223388671875,291.020751953125,18574848,99605.5598958333,0,20.8295704770579
"410",16,1995,2,-0.000601026928052306,301.635009765625,291.234619140625,18947008,99729.0807291667,0,14.8208753008511
"411",16,1995,2,-0.000536865321919322,301.89208984375,291.109619140625,15858048,99859.1666666667,0,8.5758897096844
"412",16,1995,3,-0.000683798687532544,303.91943359375,290.181396484375,17232320,99942.0364583333,0,8.8913156157939
"413",16,1995,3,-0.00093980529345572,303.96923828125,290.090087890625,18776256,100130.1328125,0,12.3717551888591
"414",16,1995,3,-0.00126256351359189,304.177001953125,290.1162109375,18500224,100115.950520833,0,18.1793285254225
"415",16,1995,3,-0.00117832096293569,303.93603515625,292.400634765625,18183040,99997.5442708333,1.28746032714844e-05,12.0772870899481
"416",16,1995,3,-0.00109966867603362,303.5380859375,290.546875,15756864,99887.4401041667,0,15.259987967639
"417",16,1995,3,-0.000994345638900995,302.415283203125,290.196044921875,19093248,99860.5390625,0,10.4761529440445
"418",16,1995,3,-0.0011482744012028,303.3525390625,290.701416015625,19533120,99927.3359375,0,9.35461188877936
"419",16,1995,3,-0.0010261198040098,304.06005859375,291.318115234375,19888064,99874.8854166667,0,12.4669223550164
"420",16,1995,3,-0.00111269718036056,304.083984375,290.27490234375,19965248,99893.7135416667,0,23.642652533528
"421",16,1995,3,-0.00132221961393952,302.87548828125,288.89404296875,20623232,100094.481770833,0,38.4410547267184
"422",16,1995,3,-0.00137270451523364,302.76513671875,288.432373046875,20510656,100151.473958333,0,20.6203919878292
"423",16,1995,3,-0.0012306293938309,305.183837890625,289.10498046875,20180736,99953.5390625,0,27.9156703058621
"424",16,1995,3,-0.00130966468714178,306.734130859375,293.0087890625,19829120,99724.1197916667,0,14.1696933547873
"425",16,1995,3,-0.00118402787484229,308.566650390625,294.039306640625,20180032,99753.3515625,0,19.0713841601905
"426",16,1995,3,-0.00112486188299954,306.010986328125,293.522705078125,20011008,99994.9192708333,0,13.1072844412301
"427",16,1995,3,-0.000970784341916442,305.299560546875,291.639404296875,18503040,100029.322916667,0.000186443328857422,15.1452274711278
"428",16,1995,3,-0.00108116958290339,306.20849609375,291.061767578125,20897216,99981.9453125,0,11.1570206111441
"429",16,1995,3,-0.00119878631085157,306.8984375,292.949462890625,20224960,100005.53125,0,12.7354333316088
"430",16,1995,3,-0.00100852572359145,307.459716796875,292.774658203125,20632704,100127.046875,0,10.9013135365878
"431",16,1995,3,-0.00119620421901345,308.165283203125,293.560546875,20781696,100024.6953125,0,10.9100199417439
"432",16,1995,3,-0.00133889261633158,309.933837890625,294.33447265625,20832704,99870.875,0,11.0514316168297
"433",16,1995,3,-0.00143238110467792,311.37109375,295.6865234375,20831936,99663.3619791667,0,14.0053377178005
"434",16,1995,3,-0.00149316317401826,310.592041015625,294.947998046875,20826304,99563.2239583333,0,21.7606006007655
"435",16,1995,3,-0.0013003486674279,310.330078125,294.602294921875,20698624,99482.3072916667,0,25.1972386007863
"436",16,1995,3,-0.00133809656836092,306.67041015625,294.19970703125,17430528,99393.3567708333,0.00208711624145508,19.3643346550772
"437",16,1995,3,-0.0020930515602231,306.610595703125,293.8447265625,21237184,99449.515625,0,8.6412400632975
"438",16,1995,3,-0.00146129168570042,308.208740234375,294.10546875,21322560,99458.2057291667,0,9.53676382597118
"439",16,1995,3,-0.00114383897744119,309.103271484375,295.388427734375,21146880,99389.2734375,0,32.7946225626894
"440",16,1995,3,-0.000874038320034742,308.444580078125,294.264404296875,21585984,99336.3880208333,0,38.1806246436299
"441",16,1995,3,-0.00106927286833525,306.58935546875,293.798583984375,21857024,99468.3229166667,3.814697265625e-06,20.4183254024755
"442",16,1995,3,-0.00106515060178936,306.927490234375,293.438232421875,21778368,99552.8177083333,0,13.8362118882919
"443",16,1995,4,-0.000987593783065677,307.439208984375,294.604736328125,21732096,99572.4322916667,0,9.62884691647602
"444",16,1995,4,-0.000935030402615666,308.94580078125,294.57763671875,22106176,99627.1927083333,0,12.9982799949787
"445",16,1995,4,-0.000994677189737558,310.144775390625,294.817626953125,22199040,99693.1119791667,0,15.7560831258387
"446",16,1995,4,-0.00111171114258468,310.55224609375,295.22314453125,22503680,99606.2317708333,0,13.9388562489843
"447",16,1995,4,-0.00129106058739126,311.89892578125,295.42822265625,22895936,99528.3958333333,0,24.866363459094
"448",16,1995,4,-0.00112018967047334,311.475341796875,294.799072265625,22693184,99638.8203125,0,22.4237957243159
"449",16,1995,4,-0.000978690572082996,310.82421875,294.59814453125,22728320,99463.8723958333,0,25.6433065163469
"450",16,1995,4,-0.000716947950422764,309.768310546875,294.86376953125,22411776,99274.9140625,0,35.1950023595352
"451",16,1995,4,-0.000731561332941055,309.360595703125,295.33642578125,21517952,99436.8984375,0,21.4111556675466
"452",16,1995,4,-0.000804567709565163,308.68212890625,294.7587890625,22558848,99838.5546875,0,9.59475951955504
"453",16,1995,4,-0.000886126654222608,310.562255859375,295.87744140625,22471232,99808.9895833333,0,10.6560003427014
"454",16,1995,4,-0.000947310356423259,311.821533203125,295.781005859375,22717696,99675.7838541667,0,9.57893848211864
"455",16,1995,4,-0.000946777174249291,312.166015625,296.219482421875,23044672,99441.0338541667,0,26.8377913388599
"456",16,1995,4,-0.000795411644503474,310.35009765625,295.2353515625,23055360,99353.1901041667,0,23.936388622111
"457",16,1995,4,-0.000681126723065972,310.240966796875,295.421875,22070144,99471.8932291667,0,27.1343783169293
"458",16,1995,4,-0.000654035015031695,309.65087890625,296.007080078125,20338816,99589.0625,4.76837158203125e-07,26.3367954440132
"459",16,1995,4,-0.000689093489199877,309.301513671875,296.45556640625,19515648,99648.9427083333,0,13.6936860461164
"460",16,1995,4,-0.000818312633782625,311.297119140625,297.167724609375,21600832,99633.1796875,2.24113464355469e-05,11.0596156198045
"461",16,1995,4,-0.000887914095073938,311.828857421875,299.409912109375,21565696,99559.1510416667,0.000104904174804688,12.1386040757416
"462",16,1995,4,-0.00093589024618268,312.35693359375,298.4775390625,22733952,99459.5416666667,0,15.1892267561166
"463",16,1995,4,-0.00104085775092244,312.33447265625,297.892578125,22828224,99366.6510416667,0,20.0508267298845
"464",16,1995,4,-0.00133263971656561,312.937744140625,295.52392578125,23062976,99429.5390625,0,18.2920821533075
"465",16,1995,4,-0.00144537584856153,312.191162109375,295.409912109375,23210944,99469.5677083333,5.7220458984375e-06,16.696336462266
"466",16,1995,4,-0.0013186086434871,312.754150390625,298.2060546875,20487552,99368.578125,0,27.2896746982334
"467",16,1995,4,-0.00115872151218355,311.111083984375,297.485595703125,22461760,99480.7291666667,0,28.2086589057357
"468",16,1995,4,-0.00108196306973696,312.494873046875,297.381591796875,22826944,99378.7552083333,0,19.0474648603841
"469",16,1995,4,-0.00103725283406675,312.6318359375,299.589599609375,21452288,99452.859375,1.00135803222656e-05,12.7012415859792
"470",16,1995,4,-0.00148157984949648,313.421875,300.110595703125,20964928,99499.6927083333,0.000208854675292969,14.011335123565
"471",16,1995,4,-0.00143775902688503,314.013671875,300.619384765625,22135104,99494.59375,0,14.6560113464958
"472",16,1995,4,-0.00140618858858943,312.968017578125,299.167724609375,23071936,99322.6666666667,0,22.3796371790249
"473",16,1995,5,-0.00133792473934591,312.9765625,298.768798828125,23219776,99175.9166666667,0,23.3257444499441
"474",16,1995,5,-0.00121738808229566,313.14990234375,299.085205078125,22447744,99312.2942708333,0,15.5436102749959
"475",16,1995,5,-0.0012833159416914,314.496826171875,300.050048828125,21533184,99294.3776041667,6.19888305664062e-06,14.4454971296555
"476",16,1995,5,-0.00152295315638185,314.989501953125,299.97705078125,23639680,99088.5026041667,0,16.0037411588047
"477",16,1995,5,-0.00112545653246343,315.3662109375,299.283447265625,21643840,98987.578125,0,15.1899130662882
"478",16,1995,5,-0.00129637541249394,317.063720703125,299.42138671875,23304256,99072.5989583333,0,18.6507381738052
"479",16,1995,5,-0.00113555463030934,316.818603515625,301.3564453125,22149440,99136.3932291667,0,22.8032547398001
"480",16,1995,5,-0.000948525732383132,316.507568359375,300.954345703125,22616960,99067.53125,0,16.7312933007098
"481",16,1995,5,-0.000821067253127694,316.15283203125,300.411376953125,21349696,98754.3854166667,0,39.7248877347109
"482",16,1995,5,-0.000893170712515712,315.579345703125,300.26806640625,21743040,98644.9739583333,0.000543594360351562,36.4026132372474
"483",16,1995,5,-0.000814424594864249,314.820068359375,300.30078125,22250304,98851.9401041667,0,36.5965941659943
"484",16,1995,5,-0.00099793728441,315.940185546875,300.59765625,22457856,98942.140625,0,33.8187436093209
"485",16,1995,5,-0.00123739312402904,316.78271484375,300.59375,22431360,98693.375,3.71932983398438e-05,33.1566896927923
"486",16,1995,5,-0.00162333040498197,316.30029296875,300.30712890625,22869696,98490.1015625,0,23.8640597084087
"487",16,1995,5,-0.00147919077426195,315.5498046875,300.107666015625,22736704,98519.953125,0,51.0001702518684
"488",16,1995,5,-0.00132913282141089,312.6767578125,299.292724609375,23106752,98863.1666666667,6.67572021484375e-06,42.7953326840442
"489",16,1995,5,-0.00101302936673164,310.87890625,299.8828125,22833728,98970.5572916667,1.66893005371094e-05,50.9976215254995
"490",16,1995,5,-0.000986812403425574,312.03173828125,299.28662109375,22540096,99008.0963541667,4.57763671875e-05,49.1178497274105
"491",16,1995,5,-0.000893711112439632,311.380615234375,299.422119140625,20522432,99250.2708333333,3.14712524414062e-05,21.8026125924595
"492",16,1995,5,-0.000975015806034207,312.186767578125,299.501953125,21620544,99426.7864583333,0,19.5234398362845
"493",16,1995,5,-0.00100610544905066,311.822998046875,298.595458984375,22812352,99325.1770833333,0,23.8971309257595
"494",16,1995,5,-0.000979638425633311,312.667724609375,298.453857421875,22568576,99250.5807291667,4.76837158203125e-07,31.291794473579
"495",16,1995,5,-0.000861500157043338,312.8525390625,298.364013671875,22639168,99399.8411458333,0,21.6389748589902
"496",16,1995,5,-0.000889658695086837,313.224853515625,298.549560546875,22835328,99436.6380208333,0,21.0513823002137
"497",16,1995,5,-0.000959364231675863,314.373291015625,298.458740234375,22757184,99448.9427083333,0,17.1949909643519
"498",16,1995,5,-0.00102284434251487,314.369384765625,301.1640625,21256576,99424.1171875,9.5367431640625e-07,15.2298506412706
"499",16,1995,5,-0.00123048643581569,314.37060546875,302.74169921875,21440704,99334.9921875,7.62939453125e-06,18.8265039015676
"500",16,1995,5,-0.00128082139417529,316.983642578125,303.572265625,21957952,99220.7864583333,1.9073486328125e-06,19.3671220824079
"501",16,1995,5,-0.00135969440452754,316.681396484375,303.068359375,21943232,99133.0390625,0,25.5800037537469
"502",16,1995,5,-0.00136141199618578,316.75048828125,301.755126953125,23175680,99119.7916666667,0,29.9315412355714
"503",16,1995,5,-0.0012646010145545,316.214599609375,300.71240234375,23128320,99167.28125,0,38.6242279697393
"504",16,1995,6,-0.000971699366346002,315.699951171875,300.06787109375,23105984,99106.953125,0,38.3822693562536
"505",16,1995,6,-0.000869232462719083,316.7109375,300.169677734375,22489856,98939.609375,0,39.3774152636163
"506",16,1995,6,-0.000929198460653424,316.532958984375,300.121826171875,22945280,98835.7526041667,0,33.5626262778996
"507",16,1995,6,-0.000896188896149397,316.58251953125,300.78173828125,22742656,98859.9348958333,0,35.6036593879041
"508",16,1995,6,-0.000805878778919578,316.310791015625,300.18505859375,23101376,98904.0677083333,4.76837158203125e-07,37.5015031159332
"509",16,1995,6,-0.000743600772693753,315.05224609375,300.14501953125,22629440,98906.234375,2.38418579101562e-06,34.4921874310004
"510",16,1995,6,-0.000730979954823852,315.797607421875,300.425048828125,21966144,98871.2447916667,3.33786010742188e-06,45.1297210395548
"511",16,1995,6,-0.000773181207478046,315.041259765625,299.1533203125,22698496,98863.5208333333,5.7220458984375e-06,40.9349181033507
"512",16,1995,6,-0.000683840829879045,313.76513671875,299.6240234375,22652352,98735.1614583333,4.76837158203125e-07,38.341823613257
"513",16,1995,6,-0.000564387766644359,312.157470703125,300.857177734375,20910784,98644.2630208333,3.00407409667969e-05,34.8691172364059
"514",16,1995,6,-0.000610005110502243,313.391357421875,301.26708984375,21461504,98570.8958333333,8.58306884765625e-06,34.7345246545646
"515",16,1995,6,-0.000584380468353629,313.697998046875,301.2529296875,20542080,98512.171875,3.814697265625e-06,19.3183614440193
"516",16,1995,6,-0.000592179829254746,314.500732421875,301.66650390625,20200448,98555.2057291667,4.76837158203125e-07,13.4050456640258
"517",16,1995,6,-0.000707986764609814,316.0263671875,301.49365234375,20805312,98636.75,0,7.88996722205858
"518",16,1995,6,-0.000693959183990955,313.010009765625,302.48876953125,19367744,98802.0911458333,0.000231742858886719,18.8350342619246
"519",16,1995,6,-0.000948211876675487,312.4921875,302.418212890625,19361920,98836.5598958333,0.000222682952880859,24.4607715778803
"520",16,1995,6,-0.000662703765556216,310.53857421875,301.671630859375,18367040,98726.84375,4.86373901367188e-05,32.0286284798575
"521",16,1995,6,-0.000750407576560974,310.691162109375,301.611328125,17556928,98730.296875,2.62260437011719e-05,27.1877703451793
"522",16,1995,6,-0.000640705926343799,310.632080078125,302.047607421875,17257088,98809.8984375,3.57627868652344e-05,26.5763125502961
"523",16,1995,6,-0.000507546355947852,311.65380859375,302.073486328125,14230080,98871.546875,3.33786010742188e-06,29.1222117038418
"524",16,1995,6,-0.000511086313053966,312.491455078125,301.6279296875,17244672,98850.515625,2.14576721191406e-05,36.0327505083997
"525",16,1995,6,-0.000528809381648898,312.47412109375,301.726318359375,18943040,98854.2135416667,0.000103473663330078,29.3584743243648
"526",16,1995,6,-0.000483733136206865,312.3720703125,300.9736328125,17940992,98864.953125,7.20024108886719e-05,21.2503895745122
"527",16,1995,6,-0.00054300669580698,313.18017578125,300.963134765625,19902784,98868.9427083333,9.5367431640625e-07,22.2688331237659
"528",16,1995,6,-0.000619543716311455,314.005615234375,301.54443359375,20624512,98950.5598958333,7.58171081542969e-05,24.5020421588066
"529",16,1995,6,-0.000571025069803,313.6982421875,301.44189453125,21505152,98879.234375,0,32.6943500200336
"530",16,1995,6,-0.000564315123483539,312.94482421875,301.10888671875,20878400,98659.2734375,5.48362731933594e-05,29.6882272235432
"531",16,1995,6,-0.000596414087340236,314.3232421875,300.810791015625,19909568,98535.9479166667,0,41.4278564824566
"532",16,1995,6,-0.000552962068468332,313.283203125,301.60888671875,18751872,98507.0963541667,0,44.0828026437682
"533",16,1995,7,-0.000540071399882436,312.687255859375,301.7578125,20891776,98440.59375,1.81198120117188e-05,56.1904998100724
"534",16,1995,7,-0.000484367599710822,311.448974609375,301.436767578125,18781952,98496.0833333333,6.91413879394531e-05,54.9230904749483
"535",16,1995,7,-0.000510554295033216,311.397705078125,301.241455078125,19903232,98723.2395833333,4.48226928710938e-05,42.2071276924338
"536",16,1995,7,-0.000539263244718313,312.24951171875,301.03271484375,20443264,98660.1536458333,8.10623168945312e-06,27.4005939710944
"537",16,1995,7,-0.000551474513486028,312.767822265625,300.9970703125,20883968,98557.7760416667,0,22.7407839373092
"538",16,1995,7,-0.000499307876452804,312.806884765625,301.003662109375,18769536,98631.5911458333,9.5367431640625e-07,17.9586902013846
"539",16,1995,7,-0.000385433435440063,311.72900390625,301.890869140625,15195840,98631.9296875,1.43051147460938e-06,18.3705473450875
"540",16,1995,7,-0.000801695277914405,311.806640625,302.32861328125,17348416,98562.2942708333,0.00293159484863281,12.6258254912209
"541",16,1995,7,-0.00146921956911683,311.53369140625,302.03369140625,15811648,98367.8203125,0.00478124618530273,10.6479695889147
"542",16,1995,7,-0.00312305358238518,307.606201171875,300.67578125,13887680,98526.203125,0.00436305999755859,16.1635871065644
"543",16,1995,7,-0.00254884967580438,304.96240234375,300.364013671875,9265536,98650.6197916667,0.0114030838012695,17.0338366285819
"544",16,1995,7,-0.0031465096399188,306.23974609375,299.7861328125,12548864,98486.0598958333,0.00567197799682617,18.5648708090357
"545",16,1995,7,-0.00345758721232414,305.52978515625,299.830810546875,12971136,98360.65625,0.00775623321533203,14.6704412016357
"546",16,1995,7,-0.00286906794644892,304.683837890625,299.628173828125,9643456,98331.2057291667,0.0048828125,18.7804269916881
"547",16,1995,7,-0.0032761893235147,306.09130859375,299.160888671875,10583680,98360.5520833333,0.00940752029418945,19.2565921872716
"548",16,1995,7,-0.00198633852414787,302.66259765625,298.805419921875,5328192,98235.53125,0.0141019821166992,19.1238804473428
"549",16,1995,7,-0.00290415878407657,305.5927734375,299.005126953125,10057600,98187.5859375,0.00173139572143555,19.8351367914821
"550",16,1995,7,-0.00171575741842389,299.569580078125,297.631591796875,3081344,98571.0963541667,0.0238437652587891,19.6069112738563
"551",16,1995,7,-0.00206910562701523,304.871826171875,298.906005859375,6924992,98905.5104166667,0.00112581253051758,15.7426732514287
"552",16,1995,7,-0.00321648083627224,305.722900390625,299.271728515625,11406848,99010.5911458333,0.000458717346191406,27.1890376139264
"553",16,1995,7,-0.00337591511197388,303.073486328125,298.808349609375,11043200,98809.0651041667,0.00765323638916016,31.5598008588864
"554",16,1995,7,-0.00186009891331196,301.768798828125,299.20068359375,4384512,98711.078125,0.00513505935668945,33.2932726904977
"555",16,1995,7,-0.00341886398382485,304.1259765625,299.78515625,12781120,98797.6796875,0.00131607055664062,47.3902072142723
"556",16,1995,7,-0.00379562447778881,305.527587890625,299.706787109375,13540160,98904.2447916667,0.00758171081542969,28.4530660294636
"557",16,1995,7,-0.00338399386964738,305.50390625,299.558349609375,12223360,98870.8203125,0.00823712348937988,8.15143271470289
"558",16,1995,7,-0.00256895762868226,305.890380859375,299.30712890625,9439168,98637.1328125,0.00534296035766602,8.09628314117046
"559",16,1995,7,-0.00312467711046338,303.52392578125,299.191162109375,11409216,98556.3723958333,0.00446462631225586,13.3366593896292
"560",16,1995,7,-0.00337676727212965,304.20166015625,299.434326171875,12042880,98711.2526041667,0.00477457046508789,13.1917072962072
"561",16,1995,8,-0.00345699884928763,304.708251953125,299.896484375,12396608,98802.4713541667,0.0037541389465332,17.9638849045469
"562",16,1995,8,-0.00386297446675599,305.3330078125,299.322509765625,12967360,98640.2421875,0.000993251800537109,38.6392419832172
"563",16,1995,8,-0.00347461784258485,304.7685546875,299.779296875,11515456,98528.9296875,0.000401973724365234,39.5860385981866
"564",16,1995,8,-0.0033749199938029,305.205322265625,299.48046875,11004864,98798.5859375,0.000291109085083008,30.390004135622
"565",16,1995,8,-0.00373222772032022,304.8388671875,299.584716796875,13000064,98955.5572916667,0.000613212585449219,30.1875677049948
"566",16,1995,8,-0.00343063101172447,304.86376953125,299.822021484375,12421120,98857.6145833333,0.000250339508056641,40.0876720846228
"567",16,1995,8,-0.00374480593018234,306.629150390625,299.840087890625,13302272,98745.3671875,0.000405788421630859,58.7812622458699
"568",16,1995,8,-0.00346048409119248,305.105224609375,299.408447265625,12671744,98685.125,0.000191688537597656,48.7784981980936
"569",16,1995,8,-0.00300168874673545,305.550537109375,299.394775390625,11202240,98872.2161458333,0.000461101531982422,25.1288200027844
"570",16,1995,8,-0.00340130738914013,306.29833984375,299.671875,14342016,99100.9505208333,0.000273227691650391,10.1216519161887
"571",16,1995,8,-0.00320090958848596,306.261474609375,298.89794921875,13876864,99344.4869791667,0.000844001770019531,11.520417261109
"572",16,1995,8,-0.00335275079123676,305.091796875,299.0478515625,14900544,99195.4479166667,0.00154542922973633,34.026270416027
"573",16,1995,8,-0.00293986150063574,304.77587890625,299.121337890625,13492544,98773.515625,6.19888305664062e-05,70.24606615093
"574",16,1995,8,-0.00258323107846081,305.097412109375,299.179443359375,12390336,98864.4453125,0.000127315521240234,69.4511956047969
"575",16,1995,8,-0.00219691568054259,305.14599609375,299.677978515625,10373952,99179.1614583333,0.000371456146240234,38.6710307867468
"576",16,1995,8,-0.00223153317347169,306.387451171875,298.649169921875,11601344,99232.40625,0.000606060028076172,28.6442808972414
"577",16,1995,8,-0.00212638708762825,305.8271484375,298.285400390625,11447744,99260.8307291667,0.000592231750488281,16.0967151115059
"578",16,1995,8,-0.00212952401489019,304.62841796875,298.3486328125,11937664,99321.1848958333,0.0012202262878418,19.8389228991925
"579",16,1995,8,-0.00226214155554771,306.14892578125,298.7841796875,13966592,99297.7734375,0.000431537628173828,28.2321462737195
"580",16,1995,8,-0.00162022467702627,305.664794921875,298.966064453125,10819008,99243.4322916667,0.000209808349609375,25.8379393636736
"581",16,1995,8,-0.00205371878109872,306.542724609375,298.885498046875,14278592,99133.2473958333,0.000725746154785156,28.8769184981652
"582",16,1995,8,-0.00197544391267002,306.733642578125,299.07666015625,14689472,99123.0338541667,0.000512123107910156,21.3509724251366
"583",16,1995,8,-0.00182289024814963,307.563232421875,298.802001953125,16148992,99070.75,7.20024108886719e-05,17.8959786425022
"584",16,1995,8,-0.00144939916208386,308.029541015625,299.959228515625,14584704,99074.6171875,0.000119686126708984,19.3564464417853
"585",16,1995,8,-0.00119845918379724,308.632568359375,300.040283203125,14923968,99001.4739583333,0.000135421752929688,27.3349115114394
"586",16,1995,8,-0.000967939384281635,307.152587890625,300.0498046875,13084928,98865.8984375,0.000871181488037109,30.0341728803727
"587",16,1995,8,-0.00101931486278772,306.259033203125,299.357421875,10221376,98798.0572916667,0.0018153190612793,28.0264464569043
"588",16,1995,8,-0.00159655488096178,306.732666015625,299.177734375,10458816,98734.1536458333,0.00186777114868164,23.0081206715359
"589",16,1995,8,-0.00169384735636413,307.466064453125,299.283203125,12621184,98603.3463541667,0.00657510757446289,19.1912422029671
"590",16,1995,8,-0.0026318330783397,308.127685546875,299.659912109375,14875584,98594.4895833333,0.000937461853027344,11.6419447582462
"591",16,1995,8,-0.00239350367337465,309.01806640625,299.441162109375,14958912,98575.1171875,0.00119733810424805,14.4635364493872
"592",16,1995,9,-0.00177108822390437,309.02099609375,299.814453125,13643008,98484.1640625,0.00191164016723633,30.0482892935851
"593",16,1995,9,-0.00147101772017777,307.837646484375,299.456298828125,13479104,98477.6197916667,0.000482082366943359,40.5047324172826
"594",16,1995,9,-0.00151953543536365,307.607666015625,298.55029296875,14746496,98537.1875,0.000285625457763672,46.9885401942238
"595",16,1995,9,-0.0012977016158402,308.08154296875,298.4140625,16806528,98754.6640625,0,35.3292587118052
"596",16,1995,9,-0.00114704412408173,309.161376953125,298.30419921875,17400704,99011.53125,0.000213146209716797,16.2215110107305
"597",16,1995,9,-0.00098951649852097,309.0771484375,297.762939453125,17309184,99167.9895833333,0.000399589538574219,5.62021102347173
"598",16,1995,9,-0.00079690502025187,307.53076171875,298.697021484375,15702144,99277.3984375,0.000385761260986328,9.12004050338268
"599",16,1995,9,-0.00133865466341376,308.0595703125,298.361083984375,16342528,99399.1067708333,8.58306884765625e-06,9.16095790810338
"600",16,1995,9,-0.000823016976937652,308.5107421875,298.12841796875,17541120,99494.8020833333,0.000295162200927734,8.10707452192435
"601",16,1995,9,-0.00044776895083487,308.2236328125,299.308837890625,17090880,99499.8359375,8.10623168945312e-06,6.31421411149774
"602",16,1995,9,-0.000648078275844455,309.272216796875,299.671142578125,17495040,99522.2239583333,0.000697135925292969,6.732202516103
"603",16,1995,9,-0.000602878164499998,310.6123046875,300.955322265625,17110912,99590.5625,6.67572021484375e-06,11.0779202590477
"604",16,1995,9,-0.000567635986953974,311.840087890625,299.984619140625,17651712,99458.5208333333,4.76837158203125e-07,21.7639827851382
"605",16,1995,9,-0.000580538995563984,311.338623046875,298.9404296875,18386688,99329.2291666667,0.000108242034912109,27.8441503657043
"606",16,1995,9,-0.000721955439075828,311.259033203125,298.5791015625,18831552,99294.671875,0.000127792358398438,24.0476277647435
"607",16,1995,9,-0.000694066053256392,311.52294921875,298.568359375,18763520,99290.2421875,4.33921813964844e-05,21.3927696488004
"608",16,1995,9,-0.000591892981901765,312.519775390625,299.287353515625,17891136,99338.9244791667,2.14576721191406e-05,22.9013310841157
"609",16,1995,9,-0.000500497408211231,311.78271484375,298.52392578125,18057280,99313.6848958333,2.38418579101562e-05,35.8454488033296
"610",16,1995,9,-0.000410070177167654,312.37109375,297.52099609375,18199488,99324.0625,0,31.9315925204777
"611",16,1995,9,-0.00039218831807375,310.993896484375,297.7080078125,18912064,99454.0911458333,2.86102294921875e-06,27.1341728793521
"612",16,1995,9,-0.000388830434530973,310.18408203125,297.98291015625,17880576,99433.0182291667,0,21.3265712493675
"613",16,1995,9,-0.00042075733654201,309.58154296875,298.4658203125,17491072,99322.4895833333,0,19.8325642337268
"614",16,1995,9,-0.000413590576499701,309.43896484375,298.373779296875,16395072,99293.6458333333,9.5367431640625e-07,15.5108123960945
"615",16,1995,9,-0.00051107001490891,308.45849609375,298.710693359375,15622528,99391.9609375,4.72068786621094e-05,6.33318126263945
"616",16,1995,9,-0.00100161461159587,308.973876953125,300.12255859375,15676288,99384.1015625,0.00129985809326172,9.51268329422897
"617",16,1995,9,-0.00107086054049432,309.678466796875,299.932861328125,17161088,99402.9192708333,7.20024108886719e-05,5.79564213662458
"618",16,1995,9,-0.00147564383223653,309.901123046875,299.869140625,15848384,99463.5963541667,0.00416803359985352,8.66442510490648
"619",16,1995,9,-0.00219501834362745,308.4814453125,299.617431640625,15857344,99483.75,0.000213623046875,9.35260060279792
"620",16,1995,9,-0.00127266440540552,308.03271484375,299.556884765625,13142976,99523.5911458333,0.000385284423828125,10.746381301217
"621",16,1995,9,-0.00138991908170283,308.37255859375,299.39794921875,15270016,99482.3489583333,0.00157880783081055,7.24361870701201
"622",16,1995,10,-0.0020159084815532,309.531494140625,299.248046875,16867264,99550.203125,0.000689506530761719,7.13627734287778
"623",16,1995,10,-0.00192487775348127,310.382080078125,299.78369140625,16541312,99638.3385416667,0.00241565704345703,7.05972623733882
"624",16,1995,10,-0.00188843184150755,310.4365234375,299.263916015625,16712640,99581.21875,0.00113439559936523,10.1838629359413
"625",16,1995,10,-0.0015746436547488,309.420166015625,298.85009765625,16493120,99532.1953125,0.000837326049804688,11.8152985381752
"626",16,1995,10,-0.00148730049841106,309.958251953125,297.73095703125,17189120,99552.9427083333,7.62939453125e-06,13.4257758748017
"627",16,1995,10,-0.00106992782093585,310.173828125,297.61865234375,17014272,99545.3515625,0,13.3286638609957
"628",16,1995,10,-0.000925729749724269,310.4560546875,297.874755859375,17127488,99527.5104166667,0,8.93513975167606
"629",16,1995,10,-0.000927322078496218,311.419677734375,299.9306640625,16819456,99468.0911458333,0,8.022193220572
"630",16,1995,10,-0.00108070531859994,311.847412109375,299.323486328125,16251968,99430.9869791667,0,12.7046165777922
"631",16,1995,10,-0.00100156385451555,311.349853515625,297.957275390625,18331712,99289.4036458333,0,18.258509716401
"632",16,1995,10,-0.00113082607276738,310.412109375,299.041259765625,16591744,99257.7291666667,0,14.3029623720434
"633",16,1995,10,-0.000929268775507808,310.331787109375,301.289794921875,14787712,99256.96875,6.81877136230469e-05,20.3157679347302
"634",16,1995,10,-0.00102291163057089,310.438720703125,300.884033203125,15036352,99319.171875,0.0015873908996582,17.7290857819276
"635",16,1995,10,-0.00136593542993069,307.61328125,299.421875,12614720,99438.8515625,0.00308370590209961,14.1890093143602
"636",16,1995,10,-0.00192951830103993,307.415771484375,298.742919921875,14604032,99447.3932291667,0.00304698944091797,10.9652517111092
"637",16,1995,10,-0.00225730007514358,304.8310546875,298.626708984375,14487168,99605.0286458333,0.00930643081665039,3.2639771078238
"638",16,1995,10,-0.00236130552366376,306.844482421875,298.817138671875,13253248,99638.4401041667,0.00138950347900391,5.09547604136902
"639",16,1995,10,-0.00229192874394357,308.997802734375,298.63720703125,15633600,99600.8671875,3.814697265625e-06,5.14456696784546
"640",16,1995,10,-0.00174896628595889,310.515625,298.12646484375,16511616,99494.1822916667,0,6.1916223211784
"641",16,1995,10,-0.00124877435155213,309.641357421875,298.198486328125,16054592,99574.5260416667,0.00019073486328125,11.1296686177465
"642",16,1995,10,-0.00103602022863925,309.82861328125,297.294677734375,15399104,99703.9817708333,0,10.6148427431217
"643",16,1995,10,-0.0011630249209702,310.388427734375,297.06201171875,17178880,99830.3854166667,0,12.1942111225397
"644",16,1995,10,-0.00107380980625749,310.008544921875,297.1220703125,17100992,99940.5390625,0,23.6569437385906
"645",16,1995,10,-0.00117174931801856,309.086181640625,295.66943359375,17341888,99997.1848958333,0,13.4531368226629
"646",16,1995,10,-0.00112658878788352,309.27099609375,294.74951171875,17416512,99895.5963541667,0,12.3072734867594
"647",16,1995,10,-0.00105393980629742,309.899169921875,295.12939453125,17244096,99896.7864583333,0,17.4788967013009
"648",16,1995,10,-0.000910471193492413,309.570556640625,295.046875,16574272,99751.6223958333,0,9.25755973593812
"649",16,1995,10,-0.000965682091191411,309.074951171875,296.47412109375,16465408,99653.8177083333,0,5.16438116111028
"650",16,1995,10,-0.000873438781127334,309.114990234375,295.560302734375,15630208,99632.4921875,0,6.20384089655665
"651",16,1995,10,-0.000968388980254531,307.541748046875,295.487060546875,15352064,99627.4375,0,17.0133593262378
"652",16,1995,10,-0.00122499722056091,307.00390625,293.58642578125,16494656,99697.359375,0,13.4018971658052
"653",16,1995,11,-0.00137249263934791,306.668212890625,291.757080078125,16667648,99804.484375,0,9.08493976340598
"654",16,1995,11,-0.00146829686127603,306.394287109375,290.61083984375,17010688,99920.6276041667,0,7.71757347716552
"655",16,1995,11,-0.00121814687736332,306.445068359375,289.937744140625,16867776,99884.484375,0,7.47990071612074
"656",16,1995,11,-0.00131309241987765,306.611328125,291.23291015625,16749376,99729.8020833333,0,4.64741985399562
"657",16,1995,11,-0.00142460432834923,305.9951171875,290.61962890625,16574400,99732.5989583333,0,4.86847621620627
"658",16,1995,11,-0.00111507880501449,306.30712890625,292.693115234375,16412096,99770.2109375,0,7.22141807731684
"659",16,1995,11,-0.00116609269753098,306.17333984375,292.388671875,16287040,99785.2421875,0,14.1619462686127
"660",16,1995,11,-0.00115706538781524,305.405029296875,291.98779296875,16131456,99742.5651041667,0,14.4064038254757
"661",16,1995,11,-0.00123359845019877,304.843505859375,290.88525390625,16055360,99607.1119791667,0,14.4639320016836
"662",16,1995,11,-0.00146666704677045,304.258056640625,290.513427734375,15973632,99640.8984375,0,4.67280353564013
"663",16,1995,11,-0.00136985117569566,305.548095703125,291.50732421875,16113664,99853.9921875,0,5.07525617928499
"664",16,1995,11,-0.00112813315354288,305.835693359375,291.04541015625,15976448,99941.2447916667,0,7.06117454754614
"665",16,1995,11,-0.000987229635939002,306.070556640625,291.341552734375,16178432,100091.494791667,0,8.65010600189122
"666",16,1995,11,-0.000903007807210088,305.7216796875,291.6611328125,15968064,100123.401041667,0,8.69794378200743
"667",16,1995,11,-0.000947756227105856,305.64599609375,291.5625,15871488,99846.265625,0,5.8923500868757
"668",16,1995,11,-0.000962351448833942,305.958740234375,290.886962890625,15853184,99677.6302083333,0,5.07650317197029
"669",16,1995,11,-0.00093875965103507,306.453857421875,291.189208984375,15707840,99828.21875,0,7.44136446488243
"670",16,1995,11,-0.000930516514927149,304.697021484375,290.841796875,15550464,99880.9036458333,0,7.3036062074154
"671",16,1995,11,-0.000905563589185476,305.14013671875,289.93115234375,15467200,99872.4947916667,0,12.9829388786234
"672",16,1995,11,-0.000824655871838331,304.32763671875,289.8525390625,15526144,99891.2421875,0,6.11555630388574
"673",16,1995,11,-0.000819037202745676,303.90771484375,289.524169921875,15347456,99890.9270833333,0,5.63384345522908
"674",16,1995,11,-0.000826361356303096,304.112060546875,290.56787109375,14819840,99889.1614583333,0,5.27519101562862
"675",16,1995,11,-0.000793433282524347,304.650146484375,291.867919921875,12843968,99949.3072916667,6.103515625e-05,8.29920151870327
"676",16,1995,11,-0.000970571301877499,303.689208984375,292.702880859375,12227072,99885.2291666667,1.1444091796875e-05,8.73987020573971
"677",16,1995,11,-0.00127144739963114,304.166015625,292.87841796875,14077760,99827.3046875,0,5.7847984587531
"678",16,1995,11,-0.00110931252129376,304.16796875,292.78369140625,14191552,99900.9479166667,0,4.3416988256093
"679",16,1995,11,-0.000970637425780296,303.526123046875,292.39794921875,14588416,99942.984375,0,8.09047146125362
"680",16,1995,11,-0.00071499845944345,302.7529296875,290.816162109375,14086080,99999.5598958333,0,7.51400659113734
"681",16,1995,11,-0.00081153167411685,302.457763671875,289.0517578125,14239104,100183.2890625,0,12.891450971915
"682",16,1995,11,-0.000954435672610998,301.06103515625,286.391845703125,14564288,100290.1015625,0,15.3889149460846
"683",16,1995,12,-0.00102274026721716,300.604248046875,285.908447265625,14440320,100215.458333333,0,10.8976367705521
"684",16,1995,12,-0.00111827882938087,300.713623046875,285.6787109375,14419392,100238.846354167,0,6.56259230718344
"685",16,1995,12,-0.00107954302802682,301.195556640625,286.05419921875,14516864,100265.5390625,0,6.1122073203443
"686",16,1995,12,-0.000924113905057311,301.532470703125,287.559814453125,14515520,100252.138020833,0,6.52376436786595
"687",16,1995,12,-0.000982778146862984,302.780029296875,286.945556640625,14514880,100243.140625,0,7.6522028329243
"688",16,1995,12,-0.000995744718238711,303.202392578125,287.3310546875,14377216,100288.161458333,0,6.98686974441654
"689",16,1995,12,-0.00099411210976541,304.1533203125,288.10693359375,14299008,100308.888020833,0,5.87440439054052
"690",16,1995,12,-0.000923905521631241,303.865234375,287.9599609375,13856512,100287.416666667,0,6.57524207994844
"691",16,1995,12,-0.000905472785234451,303.641845703125,289.510009765625,14264448,100187.794270833,0,7.74825001105285
"692",16,1995,12,-0.000836296007037163,302.758544921875,289.43408203125,14092736,100223.421875,0,7.46299816346042
"693",16,1995,12,-0.000846311682835221,302.48974609375,289.545654296875,13907584,100405.356770833,0,13.8225133032792
"694",16,1995,12,-0.000898783095180988,302.94287109375,289.222900390625,13949632,100390.114583333,0,7.13361830600758
"695",16,1995,12,-0.000878395279869437,303.694580078125,289.4033203125,13977536,100316.299479167,0,4.95715291024708
"696",16,1995,12,-0.000835144659504294,304.4111328125,289.8564453125,13919616,100202.682291667,0,5.09634872751006
"697",16,1995,12,-0.0008106988389045,303.218994140625,290.654296875,13799168,100243.955729167,0,5.07057162933889
"698",16,1995,12,-0.000842154026031494,303.187255859375,290.263916015625,13653952,100433.7421875,0,8.19687699388686
"699",16,1995,12,-0.00116319209337234,303.19189453125,289.611083984375,13848384,100491.3125,0,8.88671350149046
"700",16,1995,12,-0.001094312639907,303.646484375,289.13427734375,13998656,100515.703125,0,6.97378068439261
"701",16,1995,12,-0.00116267171688378,302.55615234375,289.99951171875,14077504,100302.872395833,0,7.04549149182791
"702",16,1995,12,-0.00097235688008368,302.06005859375,290.862548828125,13694016,100223.747395833,0,4.70820771869953
"703",16,1995,12,-0.000935873948037624,301.98388671875,289.376953125,13663296,100293.4609375,0,7.05725428143919
"704",16,1995,12,-0.00107054924592376,300.786376953125,288.8125,13885184,100229.260416667,0,9.23291011705229
"705",16,1995,12,-0.000972951529547572,299.17333984375,286.294677734375,14148224,100163.776041667,0,12.3921105259081
"706",16,1995,12,-0.000882867258042097,297.875,286.17529296875,14100928,100384.1796875,0,12.0055842679468
"707",16,1995,12,-0.000880826963111758,298.528564453125,286.521240234375,14093504,100442.184895833,0,23.4626789475787
"708",16,1995,12,-0.000936911907047033,301.306396484375,288.34228515625,12448960,100308.2734375,0.0001068115234375,5.41000423318128
"709",16,1995,12,-0.000911239767447114,302.514892578125,290.89599609375,11421696,100170.098958333,0.00556135177612305,11.3976276977476
"710",16,1995,12,-0.00122741190716624,300.40087890625,290.932861328125,11853248,100089.421875,0.000907421112060547,6.60817559461845
"711",16,1995,12,-0.00106375268660486,298.563720703125,289.977783203125,11617472,100152.177083333,0.000490188598632812,8.88593781426631
"712",16,1996,1,-0.000958356074988842,298.98681640625,289.118896484375,11468992,100259.880208333,1.81198120117188e-05,11.7412202797282
"713",16,1996,1,-0.000832402147352695,298.75390625,288.223388671875,12033536,100287.817708333,8.96453857421875e-05,13.4058665609495
"714",16,1996,1,-0.00077295396476984,299.24853515625,288.244384765625,13760192,100306.455729167,0,9.94833886573115
"715",16,1996,1,-0.000817089108750224,299.5009765625,287.96435546875,13172224,100032.869791667,0,15.4044205173867
"716",16,1996,1,-0.00101528409868479,300.52685546875,288.421630859375,14035712,99948.6171875,0,12.3938322316862
"717",16,1996,1,-0.000981050543487072,299.6484375,288.228515625,14013568,100071.8515625,0,7.20303393356749
"718",16,1996,1,-0.000981290359050035,300.043212890625,287.653076171875,14151168,100146.7578125,0,9.70529072235583
"719",16,1996,1,-0.00109847146086395,300.37109375,288.202880859375,14473152,100147.231770833,0,10.8655649627175
"720",16,1996,1,-0.00103497877717018,300.583984375,286.810791015625,15017088,99996.1276041667,0,12.4538819132372
"721",16,1996,1,-0.00108641339465976,301.093994140625,286.196533203125,14905984,99926.6380208333,0,8.47506676047063
"722",16,1996,1,-0.0010612600017339,301.0859375,286.89013671875,14863808,99917.7890625,0,6.53241876873237
"723",16,1996,1,-0.000990623375400901,302.56884765625,287.97509765625,14882752,99768.4401041667,0,7.21677857712779
"724",16,1996,1,-0.000982289901003242,297.717041015625,284.34130859375,10974336,99581.3932291667,0.000236272811889648,22.3969956020769
"725",16,1996,1,-0.00104650529101491,297.006591796875,284.740234375,15424960,100029.09375,0,5.95243866748656
"726",16,1996,1,-0.00101538305170834,296.176513671875,282.9912109375,15653248,100299.846354167,0,14.0790726410618
"727",16,1996,1,-0.000912686344236135,296.656494140625,282.7451171875,15700672,100225.390625,0,10.2915645064211
"728",16,1996,1,-0.000970191089436412,298.6630859375,282.843017578125,15666496,100109.651041667,0,7.24146667596229
"729",16,1996,1,-0.00100463791750371,300.0888671875,285.504638671875,15600192,99999.3541666667,0,8.82539521099691
"730",16,1996,1,-0.000771851744502783,301.007080078125,289.440673828125,15108352,99958.2109375,0,4.96597332042909
"731",16,1996,1,-0.000668457010760903,301.615234375,289.669189453125,15197504,100175.075520833,0,8.30249471081528
"732",16,1996,1,-0.000980807933956385,302.73291015625,290.07275390625,14967936,100261.723958333,0,12.4360350249668
"733",16,1996,1,-0.000987153500318527,302.718994140625,289.759521484375,15391232,100139.236979167,0,11.0151727750125
"734",16,1996,1,-0.00101272412575781,303.045166015625,289.63671875,15331392,100006.903645833,0,7.73101667150227
"735",16,1996,1,-0.000995296286419034,302.16259765625,288.58935546875,15573120,99914.8645833333,0,6.7195286467488
"736",16,1996,1,-0.000995628070086241,301.2177734375,288.56005859375,15685120,100052.705729167,0,14.054164303718
"737",16,1996,1,-0.00103922630660236,301.23095703125,287.654296875,15820928,100200.010416667,0,13.4445305558636
"738",16,1996,1,-0.00104946712963283,301.160400390625,286.290771484375,16086848,100194.911458333,0,14.3516052778183
"739",16,1996,1,-0.00122056994587183,301.347900390625,284.88916015625,16512192,100025.9296875,0,7.9159417905358
"740",16,1996,1,-0.00132465013302863,302.264404296875,285.0634765625,16828032,99936.0416666667,0,7.47226842333947
"741",16,1996,2,-0.00117024639621377,302.2861328125,285.81103515625,17068800,99888.9401041667,0,7.83197988427847
"742",16,1996,2,-0.000978686148300767,303.215576171875,285.5400390625,16757568,99948.125,0,9.22333468167834
"743",16,1996,2,-0.000952258240431547,303.194091796875,287.79296875,16800640,99952.578125,0,13.5322288122347
"744",16,1996,2,-0.00104757095687091,303.9580078125,286.86181640625,16863360,99929.6432291667,0,6.71655497044896
"745",16,1996,2,-0.000979730393737555,304.952392578125,287.925537109375,16965440,99902.5598958333,0,6.6479226842755
"746",16,1996,2,-0.000938281416893005,305.357421875,289.051025390625,16882688,99890.0416666667,0,5.73376957756326
"747",16,1996,2,-0.000870940275490284,306.198974609375,289.595458984375,16947904,99880.2786458333,0,15.1067266520798
"748",16,1996,2,-0.000780309783294797,302.525146484375,288.89794921875,16998912,99794.2760416667,0,13.678624858383
"749",16,1996,2,-0.00078239687718451,303.142578125,290.19287109375,16603328,99739.0442708333,0,17.3551213760546
"750",16,1996,2,-0.000882768305018544,301.819580078125,288.3115234375,17438400,100139.494791667,0,19.5249228849118
"751",16,1996,2,-0.000958959106355906,299.288330078125,287.54736328125,17451648,100325.442708333,0,10.3193512607184
"752",16,1996,2,-0.00103726424276829,302.214599609375,287.1591796875,17447168,100105.1875,0,11.6751390916636
"753",16,1996,2,-0.00110683497041464,302.89990234375,287.026611328125,17625728,99835.9114583333,0,6.76156555867318
"754",16,1996,2,-0.00109393545426428,303.12548828125,289.533935546875,17707840,99731.9322916667,0,15.2463770663069
"755",16,1996,2,-0.000773816369473934,302.486083984375,290.5947265625,17482880,99741.75,0,5.3498343960369
"756",16,1996,2,-0.000916213029995561,303.5478515625,290.126708984375,17757056,99806.8489583333,0,11.6088779953087
"757",16,1996,2,-0.00104711903259158,305.77294921875,290.49951171875,17653888,99921.328125,0,11.490893586589
